date,sales,vol,p_avg,p_med,total_listing,months_inventory,msa
Jan-1990,2500,214427500,85771,45500,22318,8.9,"Houston-The Woodlands-Sugar Land, TX"
Feb-1990,1935,171518400,88640,66231,23191,10.5,"Houston-The Woodlands-Sugar Land, TX"
Mar-1990,2554,219963250,86125,67052,24247,10.4,"Houston-The Woodlands-Sugar Land, TX"
Apr-1990,2434,221267638,90907,66949,24709,10.5,"Houston-The Woodlands-Sugar Land, TX"
May-1990,2999,258048955,86045,65923,25390,10.2,"Houston-The Woodlands-Sugar Land, TX"
Jun-1990,3204,295988724,92381,70439,25023,9.6,"Houston-The Woodlands-Sugar Land, TX"
Jul-1990,3122,285072942,91311,69618,25153,9.4,"Houston-The Woodlands-Sugar Land, TX"
Aug-1990,3627,337151412,92956,69310,24280,8.7,"Houston-The Woodlands-Sugar Land, TX"
Sep-1990,2588,217407528,84006,64794,23385,8.4,"Houston-The Woodlands-Sugar Land, TX"
Oct-1990,2805,236966400,84480,65307,23075,8.3,"Houston-The Woodlands-Sugar Land, TX"
Nov-1990,2500,214427500,85771,45500,22318,8.1,"Houston-The Woodlands-Sugar Land, TX"
Dec-1990,2220,194241120,87496,65513,21832,8.1,"Houston-The Woodlands-Sugar Land, TX"
Jan-1991,1599,139685442,87358,66642,21065,8,"Houston-The Woodlands-Sugar Land, TX"
Feb-1991,1940,149178240,76896,64179,22044,8.4,"Houston-The Woodlands-Sugar Land, TX"
Mar-1991,2191,204163953,93183,72286,22762,8.7,"Houston-The Woodlands-Sugar Land, TX"
Apr-1991,2640,234511200,88830,67565,23707,9.1,"Houston-The Woodlands-Sugar Land, TX"
May-1991,3233,303843806,93982,77110,24357,9.2,"Houston-The Woodlands-Sugar Land, TX"
Jun-1991,3184,303100880,95195,74339,25315,9.6,"Houston-The Woodlands-Sugar Land, TX"
Jul-1991,3121,304403614,97534,76596,24571,9.3,"Houston-The Woodlands-Sugar Land, TX"
Aug-1991,3287,308777493,93939,66847,24253,9.3,"Houston-The Woodlands-Sugar Land, TX"
Sep-1991,2655,233942670,88114,79162,24099,9.2,"Houston-The Woodlands-Sugar Land, TX"
Oct-1991,2481,229700904,92584,70952,23485,9.1,"Houston-The Woodlands-Sugar Land, TX"
Nov-1991,2695,185318980,68764,65000,22534,8.7,"Houston-The Woodlands-Sugar Land, TX"
Dec-1991,2370,225346710,95083,72286,19969,7.6,"Houston-The Woodlands-Sugar Land, TX"
Jan-1992,1544,135592536,87819,74647,22612,8.7,"Houston-The Woodlands-Sugar Land, TX"
Feb-1992,1677,183571128,109464,73723,23529,9.1,"Houston-The Woodlands-Sugar Land, TX"
Mar-1992,2420,247353040,102212,77315,24665,9.5,"Houston-The Woodlands-Sugar Land, TX"
Apr-1992,2439,244963404,100436,76904,25810,10,"Houston-The Woodlands-Sugar Land, TX"
May-1992,2818,271776374,96443,81420,26446,10.3,"Houston-The Woodlands-Sugar Land, TX"
Jun-1992,2938,291208684,99118,70439,26678,10.5,"Houston-The Woodlands-Sugar Land, TX"
Jul-1992,2952,283418568,96009,77007,27160,10.8,"Houston-The Woodlands-Sugar Land, TX"
Aug-1992,2954,287568946,97349,75262,26270,10.5,"Houston-The Woodlands-Sugar Land, TX"
Sep-1992,2558,247210236,96642,81112,25856,10.4,"Houston-The Woodlands-Sugar Land, TX"
Oct-1992,2114,205601298,97257,78136,25004,10.2,"Houston-The Woodlands-Sugar Land, TX"
Nov-1992,2283,197963496,86712,81523,24003,9.9,"Houston-The Woodlands-Sugar Land, TX"
Dec-1992,2368,220747328,93221,79675,22001,9.1,"Houston-The Woodlands-Sugar Land, TX"
Jan-1993,1506,149425320,99220,73415,24979,10.3,"Houston-The Woodlands-Sugar Land, TX"
Feb-1993,1864,184741040,99110,77007,25504,10.5,"Houston-The Woodlands-Sugar Land, TX"
Mar-1993,2123,219870618,103566,78752,25964,10.8,"Houston-The Woodlands-Sugar Land, TX"
Apr-1993,2304,232300800,100825,77212,27005,11.3,"Houston-The Woodlands-Sugar Land, TX"
May-1993,2535,270738000,106800,80496,26505,11.2,"Houston-The Woodlands-Sugar Land, TX"
Jun-1993,3091,335364227,108497,80599,26115,10.9,"Houston-The Woodlands-Sugar Land, TX"
Jul-1993,3017,325836000,108000,81112,26056,10.9,"Houston-The Woodlands-Sugar Land, TX"
Aug-1993,3072,323149824,105192,79983,25728,10.7,"Houston-The Woodlands-Sugar Land, TX"
Sep-1993,2563,264901428,103356,78238,24881,10.4,"Houston-The Woodlands-Sugar Land, TX"
Oct-1993,2535,263855475,104085,79059,24654,10.1,"Houston-The Woodlands-Sugar Land, TX"
Nov-1993,2394,246749580,103070,79470,23849,9.7,"Houston-The Woodlands-Sugar Land, TX"
Dec-1993,2741,297894621,108681,78136,21869,8.8,"Houston-The Woodlands-Sugar Land, TX"
Jan-1994,1705,178308900,104580,74133,23254,9.3,"Houston-The Woodlands-Sugar Land, TX"
Feb-1994,1948,203242632,104334,76904,23786,9.5,"Houston-The Woodlands-Sugar Land, TX"
Mar-1994,2762,286609978,103769,77007,24675,9.7,"Houston-The Woodlands-Sugar Land, TX"
Apr-1994,2803,289496643,103281,78136,25084,9.7,"Houston-The Woodlands-Sugar Land, TX"
May-1994,3090,318223650,102985,78854,25835,9.8,"Houston-The Woodlands-Sugar Land, TX"
Jun-1994,3316,361898292,109137,80188,25858,9.7,"Houston-The Woodlands-Sugar Land, TX"
Jul-1994,2896,300793040,103865,79367,26009,9.8,"Houston-The Woodlands-Sugar Land, TX"
Aug-1994,3126,343478628,109878,79367,25663,9.7,"Houston-The Woodlands-Sugar Land, TX"
Sep-1994,2595,264757470,102026,75775,25323,9.5,"Houston-The Woodlands-Sugar Land, TX"
Oct-1994,2322,227530458,97989,74133,24395,9.2,"Houston-The Woodlands-Sugar Land, TX"
Nov-1994,2278,222079942,97489,73107,22978,8.7,"Houston-The Woodlands-Sugar Land, TX"
Dec-1994,2440,258996240,106146,75468,21374,8.2,"Houston-The Woodlands-Sugar Land, TX"
Jan-1995,1564,163486484,104531,74749,22486,8.7,"Houston-The Woodlands-Sugar Land, TX"
Feb-1995,1853,189613784,102328,74133,23400,9,"Houston-The Woodlands-Sugar Land, TX"
Mar-1995,2495,256648175,102865,75160,24127,9.4,"Houston-The Woodlands-Sugar Land, TX"
Apr-1995,2257,229670063,101759,75570,24373,9.7,"Houston-The Woodlands-Sugar Land, TX"
May-1995,3151,317869729,100879,73825,24444,9.7,"Houston-The Woodlands-Sugar Land, TX"
Jun-1995,3328,356964608,107261,78854,24330,9.6,"Houston-The Woodlands-Sugar Land, TX"
Jul-1995,3268,335270656,102592,78649,24255,9.5,"Houston-The Woodlands-Sugar Land, TX"
Aug-1995,3631,393190097,108287,81933,23532,9.1,"Houston-The Woodlands-Sugar Land, TX"
Sep-1995,2833,287965951,101647,77315,23042,8.8,"Houston-The Woodlands-Sugar Land, TX"
Oct-1995,2741,283762025,103525,75673,22608,8.5,"Houston-The Woodlands-Sugar Land, TX"
Nov-1995,2528,254498816,100672,78341,21857,8.2,"Houston-The Woodlands-Sugar Land, TX"
Dec-1995,2615,282378160,107984,78957,20418,7.6,"Houston-The Woodlands-Sugar Land, TX"
Jan-1996,1839,182335011,99149,75775,21381,7.9,"Houston-The Woodlands-Sugar Land, TX"
Feb-1996,2312,248551560,107505,79675,22102,8,"Houston-The Woodlands-Sugar Land, TX"
Mar-1996,3021,323219811,106991,80496,22743,8.1,"Houston-The Woodlands-Sugar Land, TX"
Apr-1996,3098,338939788,109406,81625,23392,8.2,"Houston-The Woodlands-Sugar Land, TX"
May-1996,3578,402757570,112565,82446,23763,8.2,"Houston-The Woodlands-Sugar Land, TX"
Jun-1996,3292,377167732,114571,83165,23869,8.2,"Houston-The Woodlands-Sugar Land, TX"
Jul-1996,3656,412484544,112824,84807,23976,8.2,"Houston-The Woodlands-Sugar Land, TX"
Aug-1996,3651,410332239,112389,83575,23160,7.9,"Houston-The Woodlands-Sugar Land, TX"
Sep-1996,2837,314274349,110777,81933,22631,7.7,"Houston-The Woodlands-Sugar Land, TX"
Oct-1996,2867,318480695,111085,81009,22173,7.5,"Houston-The Woodlands-Sugar Land, TX"
Nov-1996,2560,278236160,108686,80599,21339,7.2,"Houston-The Woodlands-Sugar Land, TX"
Dec-1996,2946,352783500,119750,87578,19662,6.6,"Houston-The Woodlands-Sugar Land, TX"
Jan-1997,1964,227772936,115974,83575,20066,6.7,"Houston-The Woodlands-Sugar Land, TX"
Feb-1997,2324,259272412,111563,84499,20466,6.9,"Houston-The Woodlands-Sugar Land, TX"
Mar-1997,2888,328977856,113912,85422,21163,7.1,"Houston-The Woodlands-Sugar Land, TX"
Apr-1997,3122,356800892,114286,84088,21501,7.2,"Houston-The Woodlands-Sugar Land, TX"
May-1997,3679,433853433,117927,87988,21745,7.3,"Houston-The Woodlands-Sugar Land, TX"
Jun-1997,3884,477199892,122863,91683,21397,7.1,"Houston-The Woodlands-Sugar Land, TX"
Jul-1997,4106,509341088,124048,91169,21131,6.9,"Houston-The Woodlands-Sugar Land, TX"
Aug-1997,3918,488782254,124753,90656,20450,6.6,"Houston-The Woodlands-Sugar Land, TX"
Sep-1997,3503,422398746,120582,89220,19557,6.2,"Houston-The Woodlands-Sugar Land, TX"
Oct-1997,3535,415970520,117672,87783,18635,5.8,"Houston-The Woodlands-Sugar Land, TX"
Nov-1997,2802,327834000,117000,85935,18498,5.7,"Houston-The Woodlands-Sugar Land, TX"
Dec-1997,3589,447580601,124709,92709,17497,5.3,"Houston-The Woodlands-Sugar Land, TX"
Jan-1998,2240,257210240,114826,86141,16997,5.2,"Houston-The Woodlands-Sugar Land, TX"
Feb-1998,2974,356118656,119744,90451,16837,5,"Houston-The Woodlands-Sugar Land, TX"
Mar-1998,3989,492517841,123469,91785,16924,4.9,"Houston-The Woodlands-Sugar Land, TX"
Apr-1998,3968,484365824,122068,91272,16641,4.7,"Houston-The Woodlands-Sugar Land, TX"
May-1998,4385,575088365,131149,94659,16486,4.6,"Houston-The Woodlands-Sugar Land, TX"
Jun-1998,5064,677897424,133866,98969,16419,4.5,"Houston-The Woodlands-Sugar Land, TX"
Jul-1998,5053,676915039,133963,97738,16374,4.4,"Houston-The Woodlands-Sugar Land, TX"
Aug-1998,4594,583479346,127009,97327,15997,4.2,"Houston-The Woodlands-Sugar Land, TX"
Sep-1998,3863,484037763,125301,92196,15403,4,"Houston-The Woodlands-Sugar Land, TX"
Oct-1998,3590,456299770,127103,93427,15144,3.9,"Houston-The Woodlands-Sugar Land, TX"
Nov-1998,3397,423079365,124545,92606,14307,3.7,"Houston-The Woodlands-Sugar Land, TX"
Dec-1998,4027,521178367,129421,96096,13498,3.4,"Houston-The Woodlands-Sugar Land, TX"
Jan-1999,2448,290012112,118469,89527,13748,3.5,"Houston-The Woodlands-Sugar Land, TX"
Feb-1999,3129,398775405,127445,95377,13844,3.5,"Houston-The Woodlands-Sugar Land, TX"
Mar-1999,4309,564556562,131018,97943,13938,3.5,"Houston-The Woodlands-Sugar Land, TX"
Apr-1999,4282,571248774,133407,98969,14005,3.5,"Houston-The Woodlands-Sugar Land, TX"
May-1999,4562,634460150,139075,104511,14333,3.6,"Houston-The Woodlands-Sugar Land, TX"
Jun-1999,5442,795152388,146114,107385,14871,3.7,"Houston-The Woodlands-Sugar Land, TX"
Jul-1999,5083,716128621,140887,105948,15438,3.8,"Houston-The Woodlands-Sugar Land, TX"
Aug-1999,4946,692776328,140068,101330,15627,3.8,"Houston-The Woodlands-Sugar Land, TX"
Sep-1999,4071,558773247,137257,101330,15703,3.8,"Houston-The Woodlands-Sugar Land, TX"
Oct-1999,3871,506160347,130757,97943,15850,3.8,"Houston-The Woodlands-Sugar Land, TX"
Nov-1999,3580,490739240,137078,100919,15381,3.7,"Houston-The Woodlands-Sugar Land, TX"
Dec-1999,4002,571889802,142901,102561,14642,3.5,"Houston-The Woodlands-Sugar Land, TX"
Jan-2000,2564,367941692,143503,102151,15264,3.7,"Houston-The Woodlands-Sugar Land, TX"
Feb-2000,3564,517303908,145147,110156,15429,3.7,"Houston-The Woodlands-Sugar Land, TX"
Mar-2000,4576,684711456,149631,109334,15554,3.7,"Houston-The Woodlands-Sugar Land, TX"
Apr-2000,4219,627167007,148653,110669,16212,3.9,"Houston-The Woodlands-Sugar Land, TX"
May-2000,5042,782649492,155226,112619,16958,4,"Houston-The Woodlands-Sugar Land, TX"
Jun-2000,5468,858448660,156995,117955,17456,4.1,"Houston-The Woodlands-Sugar Land, TX"
Jul-2000,4843,744538605,153735,118366,17889,4.2,"Houston-The Woodlands-Sugar Land, TX"
Aug-2000,4964,773698968,155862,114568,18032,4.3,"Houston-The Woodlands-Sugar Land, TX"
Sep-2000,4120,649736360,157703,115903,18056,4.3,"Houston-The Woodlands-Sugar Land, TX"
Oct-2000,3933,600470775,152675,112311,18250,4.3,"Houston-The Woodlands-Sugar Land, TX"
Nov-2000,3605,552033650,153130,115184,17688,4.2,"Houston-The Woodlands-Sugar Land, TX"
Dec-2000,3818,612094124,160318,119392,16793,4,"Houston-The Woodlands-Sugar Land, TX"
Jan-2001,2695,397437040,147472,111798,17595,4.2,"Houston-The Woodlands-Sugar Land, TX"
Feb-2001,3378,520323474,154033,114363,18126,4.3,"Houston-The Woodlands-Sugar Land, TX"
Mar-2001,4534,715274772,157758,116313,18986,4.5,"Houston-The Woodlands-Sugar Land, TX"
Apr-2001,4541,725511029,159769,122471,19806,4.7,"Houston-The Woodlands-Sugar Land, TX"
May-2001,5255,828676715,157693,122676,20213,4.7,"Houston-The Woodlands-Sugar Land, TX"
Jun-2001,5319,881735949,165771,127807,20395,4.8,"Houston-The Woodlands-Sugar Land, TX"
Jul-2001,5245,875505890,166922,127807,20291,4.7,"Houston-The Woodlands-Sugar Land, TX"
Aug-2001,5361,855712098,159618,124421,20371,4.7,"Houston-The Woodlands-Sugar Land, TX"
Sep-2001,3913,607790638,155326,119802,20429,4.8,"Houston-The Woodlands-Sugar Land, TX"
Oct-2001,3949,597076953,151197,117134,20488,4.8,"Houston-The Woodlands-Sugar Land, TX"
Nov-2001,3730,572334930,153441,120521,19695,4.6,"Houston-The Woodlands-Sugar Land, TX"
Dec-2001,4147,686958844,165652,128628,18527,4.3,"Houston-The Woodlands-Sugar Land, TX"
Jan-2002,3316,493082568,148698,119392,19397,4.4,"Houston-The Woodlands-Sugar Land, TX"
Feb-2002,3744,591552000,158000,125139,19639,4.4,"Houston-The Woodlands-Sugar Land, TX"
Mar-2002,4475,750963175,167813,127910,20094,4.5,"Houston-The Woodlands-Sugar Land, TX"
Apr-2002,4881,821979924,168404,128423,21043,4.7,"Houston-The Woodlands-Sugar Land, TX"
May-2002,5462,926928710,169705,130578,21940,4.9,"Houston-The Woodlands-Sugar Land, TX"
Jun-2002,5283,930473658,176126,133760,23139,5.2,"Houston-The Woodlands-Sugar Land, TX"
Jul-2002,5430,937581810,172667,132426,24146,5.4,"Houston-The Woodlands-Sugar Land, TX"
Aug-2002,5071,848834690,167390,131297,24784,5.6,"Houston-The Woodlands-Sugar Land, TX"
Sep-2002,4367,737245674,168822,131502,25012,5.6,"Houston-The Woodlands-Sugar Land, TX"
Oct-2002,4349,714988647,164403,127397,25342,5.6,"Houston-The Woodlands-Sugar Land, TX"
Nov-2002,3738,618212868,165386,130784,25023,5.5,"Houston-The Woodlands-Sugar Land, TX"
Dec-2002,4569,825522351,180679,137146,24040,5.3,"Houston-The Woodlands-Sugar Land, TX"
Jan-2003,3325,523980100,157588,127089,25508,5.6,"Houston-The Woodlands-Sugar Land, TX"
Feb-2003,3718,589053894,158433,128218,25951,5.7,"Houston-The Woodlands-Sugar Land, TX"
Mar-2003,4564,759518060,166415,129757,26704,5.9,"Houston-The Woodlands-Sugar Land, TX"
Apr-2003,4743,795571848,167736,132323,27328,6,"Houston-The Woodlands-Sugar Land, TX"
May-2003,5606,954197260,170210,132118,28176,6.2,"Houston-The Woodlands-Sugar Land, TX"
Jun-2003,5788,1025934576,177252,138891,29325,6.4,"Houston-The Woodlands-Sugar Land, TX"
Jul-2003,5925,1088221050,183666,142175,29919,6.4,"Houston-The Woodlands-Sugar Land, TX"
Aug-2003,5754,998779320,173580,137454,29754,6.3,"Houston-The Woodlands-Sugar Land, TX"
Sep-2003,5158,881935472,170984,133041,30168,6.3,"Houston-The Woodlands-Sugar Land, TX"
Oct-2003,4971,852253095,171445,128731,29997,6.2,"Houston-The Woodlands-Sugar Land, TX"
Nov-2003,3870,674010810,174163,130476,29463,6.1,"Houston-The Woodlands-Sugar Land, TX"
Dec-2003,5302,966088024,182212,135299,27350,5.6,"Houston-The Woodlands-Sugar Land, TX"
Jan-2004,3327,532779126,160138,124729,28994,5.9,"Houston-The Woodlands-Sugar Land, TX"
Feb-2004,4177,706055018,169034,130886,29528,6,"Houston-The Woodlands-Sugar Land, TX"
Mar-2004,5535,936444510,169186,130886,31133,6.2,"Houston-The Woodlands-Sugar Land, TX"
Apr-2004,5706,1011399912,177252,134786,32229,6.3,"Houston-The Woodlands-Sugar Land, TX"
May-2004,5848,1072546592,183404,137454,33099,6.5,"Houston-The Woodlands-Sugar Land, TX"
Jun-2004,6801,1268468112,186512,142073,33549,6.5,"Houston-The Woodlands-Sugar Land, TX"
Jul-2004,6315,1121247195,177553,136428,34076,6.5,"Houston-The Woodlands-Sugar Land, TX"
Aug-2004,6216,1087085160,174885,136428,34020,6.5,"Houston-The Woodlands-Sugar Land, TX"
Sep-2004,5354,955448070,178455,134478,34010,6.4,"Houston-The Woodlands-Sugar Land, TX"
Oct-2004,5068,871630116,171987,132323,33901,6.4,"Houston-The Woodlands-Sugar Land, TX"
Nov-2004,4686,819459564,174874,132220,32848,6.1,"Houston-The Woodlands-Sugar Land, TX"
Dec-2004,5731,1054641544,184024,138378,30799,5.7,"Houston-The Woodlands-Sugar Land, TX"
Jan-2005,3485,595959395,171007,132220,32267,6,"Houston-The Woodlands-Sugar Land, TX"
Feb-2005,4404,777486564,176541,136531,32936,6.1,"Houston-The Woodlands-Sugar Land, TX"
Mar-2005,5797,1033912341,178353,136736,33864,6.2,"Houston-The Woodlands-Sugar Land, TX"
Apr-2005,5972,1102090796,184543,137249,34951,6.4,"Houston-The Woodlands-Sugar Land, TX"
May-2005,6926,1293956876,186826,142894,35621,6.4,"Houston-The Woodlands-Sugar Land, TX"
Jun-2005,7220,1382680540,191507,145562,35982,6.4,"Houston-The Woodlands-Sugar Land, TX"
Jul-2005,6953,1324018072,190424,145049,35993,6.4,"Houston-The Woodlands-Sugar Land, TX"
Aug-2005,7180,1349150720,187904,144125,35611,6.2,"Houston-The Woodlands-Sugar Land, TX"
Sep-2005,5412,1018246152,188146,144843,34416,6,"Houston-The Woodlands-Sugar Land, TX"
Oct-2005,5644,1053887188,186727,142175,33904,5.9,"Houston-The Woodlands-Sugar Land, TX"
Nov-2005,5124,981041040,191460,145151,32806,5.6,"Houston-The Woodlands-Sugar Land, TX"
Dec-2005,6280,1225994160,195222,148538,30655,5.2,"Houston-The Woodlands-Sugar Land, TX"
Jan-2006,3985,706763660,177356,138173,31712,5.4,"Houston-The Woodlands-Sugar Land, TX"
Feb-2006,5137,979389598,190654,143304,31882,5.3,"Houston-The Woodlands-Sugar Land, TX"
Mar-2006,7106,1356464340,190890,142996,32874,5.4,"Houston-The Woodlands-Sugar Land, TX"
Apr-2006,6284,1211863116,192849,146075,33296,5.5,"Houston-The Woodlands-Sugar Land, TX"
May-2006,7776,1562828256,200981,152130,33909,5.5,"Houston-The Woodlands-Sugar Land, TX"
Jun-2006,8345,1753501470,210126,156235,34792,5.6,"Houston-The Woodlands-Sugar Land, TX"
Jul-2006,7233,1465630023,202631,155927,35775,5.7,"Houston-The Woodlands-Sugar Land, TX"
Aug-2006,7554,1496968626,198169,152335,36100,5.7,"Houston-The Woodlands-Sugar Land, TX"
Sep-2006,6429,1266686583,197027,150283,36196,5.6,"Houston-The Woodlands-Sugar Land, TX"
Oct-2006,6093,1143388008,187656,145664,36182,5.6,"Houston-The Woodlands-Sugar Land, TX"
Nov-2006,5757,1107514389,192377,147614,35502,5.5,"Houston-The Woodlands-Sugar Land, TX"
Dec-2006,6627,1361603301,205463,153464,33451,5.1,"Houston-The Woodlands-Sugar Land, TX"
Jan-2007,4491,806318631,179541,142175,34320,5.2,"Houston-The Woodlands-Sugar Land, TX"
Feb-2007,5342,1041871628,195034,148025,34955,5.3,"Houston-The Woodlands-Sugar Land, TX"
Mar-2007,6552,1338167376,204238,152438,37065,5.7,"Houston-The Woodlands-Sugar Land, TX"
Apr-2007,6585,1340989155,203643,150180,39001,5.9,"Houston-The Woodlands-Sugar Land, TX"
May-2007,7665,1623546645,211813,155209,40380,6.2,"Houston-The Woodlands-Sugar Land, TX"
Jun-2007,7686,1665879012,216742,160032,41283,6.4,"Houston-The Woodlands-Sugar Land, TX"
Jul-2007,7303,1521791837,208379,155825,41436,6.4,"Houston-The Woodlands-Sugar Land, TX"
Aug-2007,7598,1612424766,212217,158390,41624,6.4,"Houston-The Woodlands-Sugar Land, TX"
Sep-2007,5397,1088715222,201726,150796,41555,6.5,"Houston-The Woodlands-Sugar Land, TX"
Oct-2007,5655,1114447815,197073,147306,40848,6.4,"Houston-The Woodlands-Sugar Land, TX"
Nov-2007,5333,1070903731,200807,149770,39584,6.2,"Houston-The Woodlands-Sugar Land, TX"
Dec-2007,5503,1179766158,214386,155722,37614,6,"Houston-The Woodlands-Sugar Land, TX"
Jan-2008,3926,745716218,189943,140123,38304,6.2,"Houston-The Woodlands-Sugar Land, TX"
Feb-2008,4869,988051563,202927,151925,38618,6.3,"Houston-The Woodlands-Sugar Land, TX"
Mar-2008,5610,1145735910,204231,152746,39411,6.5,"Houston-The Woodlands-Sugar Land, TX"
Apr-2008,5849,1200144612,205188,151206,39729,6.6,"Houston-The Woodlands-Sugar Land, TX"
May-2008,6558,1395975228,212866,156851,39833,6.7,"Houston-The Woodlands-Sugar Land, TX"
Jun-2008,6751,1526387598,226098,161264,39990,6.8,"Houston-The Woodlands-Sugar Land, TX"
Jul-2008,6497,1442652353,222049,161059,39553,6.8,"Houston-The Woodlands-Sugar Land, TX"
Aug-2008,6045,1344347550,222390,160032,37717,6.7,"Houston-The Woodlands-Sugar Land, TX"
Sep-2008,3933,817804422,207934,156338,36135,6.5,"Houston-The Woodlands-Sugar Land, TX"
Oct-2008,4554,876726972,192518,142586,34819,6.4,"Houston-The Woodlands-Sugar Land, TX"
Nov-2008,3607,671601758,186194,138070,33003,6.2,"Houston-The Woodlands-Sugar Land, TX"
Dec-2008,4816,917500976,190511,145972,30145,5.7,"Houston-The Woodlands-Sugar Land, TX"
Jan-2009,3004,496423016,165254,131297,30162,5.8,"Houston-The Woodlands-Sugar Land, TX"
Feb-2009,3659,658005288,179832,138378,30507,6,"Houston-The Woodlands-Sugar Land, TX"
Mar-2009,4594,882686566,192139,146280,30970,6.2,"Houston-The Woodlands-Sugar Land, TX"
Apr-2009,4464,860038704,192661,149872,30280,6.2,"Houston-The Woodlands-Sugar Land, TX"
May-2009,5054,1060177580,209770,156851,30157,6.4,"Houston-The Woodlands-Sugar Land, TX"
Jun-2009,5792,1272890464,219767,164650,30755,6.6,"Houston-The Woodlands-Sugar Land, TX"
Jul-2009,6118,1328756184,217188,162495,31151,6.7,"Houston-The Woodlands-Sugar Land, TX"
Aug-2009,5330,1116325860,209442,160032,30616,6.7,"Houston-The Woodlands-Sugar Land, TX"
Sep-2009,5144,1042030368,202572,156030,30087,6.4,"Houston-The Woodlands-Sugar Land, TX"
Oct-2009,5257,1028348055,195615,148435,29885,6.3,"Houston-The Woodlands-Sugar Land, TX"
Nov-2009,4916,963732640,196040,151206,29891,6.2,"Houston-The Woodlands-Sugar Land, TX"
Dec-2009,4784,1026014912,214468,152130,28470,5.9,"Houston-The Woodlands-Sugar Land, TX"
Jan-2010,2760,529699200,191920,142996,30089,6.2,"Houston-The Woodlands-Sugar Land, TX"
Feb-2010,3561,712709223,200143,147306,31203,6.5,"Houston-The Woodlands-Sugar Land, TX"
Mar-2010,5211,1089786852,209132,153259,33390,6.9,"Houston-The Woodlands-Sugar Land, TX"
Apr-2010,5736,1161528528,202498,152746,33065,6.7,"Houston-The Woodlands-Sugar Land, TX"
May-2010,6126,1258237518,205393,153464,35236,7,"Houston-The Woodlands-Sugar Land, TX"
Jun-2010,5915,1294125105,218787,157877,37817,7.5,"Houston-The Woodlands-Sugar Land, TX"
Jul-2010,4563,1005379479,220333,158185,38924,7.9,"Houston-The Woodlands-Sugar Land, TX"
Aug-2010,4535,970644190,214034,157980,38668,7.9,"Houston-The Woodlands-Sugar Land, TX"
Sep-2010,4210,893244120,212172,154183,37673,7.9,"Houston-The Woodlands-Sugar Land, TX"
Oct-2010,3939,803965656,204104,149256,36627,7.8,"Houston-The Woodlands-Sugar Land, TX"
Nov-2010,3793,822542394,216858,151001,35543,7.7,"Houston-The Woodlands-Sugar Land, TX"
Dec-2010,4573,1004916750,219750,158595,33481,7.3,"Houston-The Woodlands-Sugar Land, TX"
Jan-2011,3012,580820035,192835,135998,33756,7.6,"Houston-The Woodlands-Sugar Land, TX"
Feb-2011,3467,730952692,210831,151900,34017,7.6,"Houston-The Woodlands-Sugar Land, TX"
Mar-2011,4898,1038425350,212010,149500,35059,7.8,"Houston-The Woodlands-Sugar Land, TX"
Apr-2011,4991,1000445750,200450,149900,35637,8,"Houston-The Woodlands-Sugar Land, TX"
May-2011,5257,1142227262,217277,157000,35679,8.1,"Houston-The Woodlands-Sugar Land, TX"
Jun-2011,5981,1348025760,225385,160820,35421,8,"Houston-The Woodlands-Sugar Land, TX"
Jul-2011,5332,1174594089,220291,158947,34343,7.7,"Houston-The Woodlands-Sugar Land, TX"
Aug-2011,5816,1247449517,214486,159950,32883,7.2,"Houston-The Woodlands-Sugar Land, TX"
Sep-2011,4878,1019950379,209092,155000,31996,6.9,"Houston-The Woodlands-Sugar Land, TX"
Oct-2011,4282,878237185,205100,150000,30922,6.6,"Houston-The Woodlands-Sugar Land, TX"
Nov-2011,4131,862946318,208895,155000,29550,6.3,"Houston-The Woodlands-Sugar Land, TX"
Dec-2011,4813,1055424061,219286,160000,27247,5.8,"Houston-The Woodlands-Sugar Land, TX"
Jan-2012,3213,613862061,191056,139000,27129,5.7,"Houston-The Woodlands-Sugar Land, TX"
Feb-2012,4035,814572696,201877,150000,27072,5.6,"Houston-The Woodlands-Sugar Land, TX"
Mar-2012,5193,1164000964,224148,162799,27045,5.6,"Houston-The Woodlands-Sugar Land, TX"
Apr-2012,5463,1209032480,221313,162500,27601,5.7,"Houston-The Woodlands-Sugar Land, TX"
May-2012,6517,1531568394,235011,169000,27314,5.5,"Houston-The Woodlands-Sugar Land, TX"
Jun-2012,6762,1583616022,234193,170000,27331,5.4,"Houston-The Woodlands-Sugar Land, TX"
Jul-2012,6640,1510664984,227510,169925,27018,5.3,"Houston-The Woodlands-Sugar Land, TX"
Aug-2012,6862,1531134416,223132,165200,25590,4.9,"Houston-The Woodlands-Sugar Land, TX"
Sep-2012,5314,1160460383,218378,164500,24513,4.7,"Houston-The Woodlands-Sugar Land, TX"
Oct-2012,5656,1247842392,220623,163000,23317,4.3,"Houston-The Woodlands-Sugar Land, TX"
Nov-2012,5251,1203254721,229148,168000,22081,4,"Houston-The Woodlands-Sugar Land, TX"
Dec-2012,5407,1300779563,240573,172500,20127,3.6,"Houston-The Woodlands-Sugar Land, TX"
Jan-2013,4105,831689846,202604,152000,19860,3.5,"Houston-The Woodlands-Sugar Land, TX"
Feb-2013,4722,1039656357,220173,163875,19784,3.5,"Houston-The Woodlands-Sugar Land, TX"
Mar-2013,6166,1448304007,234886,174000,19405,3.4,"Houston-The Woodlands-Sugar Land, TX"
Apr-2013,6865,1731426131,252211,185000,19106,3.3,"Houston-The Woodlands-Sugar Land, TX"
May-2013,8157,2075506651,254445,187200,19027,3.2,"Houston-The Woodlands-Sugar Land, TX"
Jun-2013,7682,2035324897,264947,193000,19506,3.2,"Houston-The Woodlands-Sugar Land, TX"
Jul-2013,8212,2120828041,258260,189000,19991,3.2,"Houston-The Woodlands-Sugar Land, TX"
Aug-2013,7889,2046240383,259379,188000,19863,3.2,"Houston-The Woodlands-Sugar Land, TX"
Sep-2013,6463,1602335458,247924,182000,19700,3.1,"Houston-The Woodlands-Sugar Land, TX"
Oct-2013,6328,1512965760,239091,177885,19004,3,"Houston-The Woodlands-Sugar Land, TX"
Nov-2013,5406,1343005638,248429,185000,17825,2.8,"Houston-The Woodlands-Sugar Land, TX"
Dec-2013,6206,1630837508,262784,189975,16352,2.5,"Houston-The Woodlands-Sugar Land, TX"
Jan-2014,4251,1023945332,240872,177500,16378,2.5,"Houston-The Woodlands-Sugar Land, TX"
Feb-2014,5155,1277852931,247886,184795,16117,2.5,"Houston-The Woodlands-Sugar Land, TX"
Mar-2014,6349,1659925538,261447,193000,16352,2.5,"Houston-The Woodlands-Sugar Land, TX"
Apr-2014,6821,1838869432,269589,197000,16519,2.5,"Houston-The Woodlands-Sugar Land, TX"
May-2014,7642,2123055347,277814,201500,17371,2.7,"Houston-The Woodlands-Sugar Land, TX"
Jun-2014,8128,2299888696,282959,214000,18222,2.8,"Houston-The Woodlands-Sugar Land, TX"
Jul-2014,8078,2225443510,275494,202000,18711,2.9,"Houston-The Woodlands-Sugar Land, TX"
Aug-2014,7870,2148297925,272973,205000,18496,2.8,"Houston-The Woodlands-Sugar Land, TX"
Sep-2014,6860,1837460963,267851,198000,18060,2.7,"Houston-The Woodlands-Sugar Land, TX"
Oct-2014,6950,1820846728,261992,193000,17469,2.6,"Houston-The Woodlands-Sugar Land, TX"
Nov-2014,5424,1474586948,271863,198000,16732,2.5,"Houston-The Woodlands-Sugar Land, TX"
Dec-2014,6901,1948456653,282344,211500,15720,2.3,"Houston-The Woodlands-Sugar Land, TX"
Jan-2015,4305,1131034595,262726,191000,16798,2.5,"Houston-The Woodlands-Sugar Land, TX"
Feb-2015,4851,1259100658,259555,199900,17442,2.6,"Houston-The Woodlands-Sugar Land, TX"
Mar-2015,6523,1798413202,275703,209000,17588,2.6,"Houston-The Woodlands-Sugar Land, TX"
Apr-2015,6801,1902467102,279733,209000,18397,2.7,"Houston-The Woodlands-Sugar Land, TX"
May-2015,7137,2064390977,289252,222000,19356,2.9,"Houston-The Woodlands-Sugar Land, TX"
Jun-2015,8221,2463120558,299613,225000,20408,3.1,"Houston-The Woodlands-Sugar Land, TX"
Jul-2015,8353,2436270177,291664,220000,22326,3.3,"Houston-The Woodlands-Sugar Land, TX"
Aug-2015,7680,2168556177,282364,217000,22467,3.4,"Houston-The Woodlands-Sugar Land, TX"
Sep-2015,7071,1919026997,271394,210000,22623,3.4,"Houston-The Woodlands-Sugar Land, TX"
Oct-2015,6192,1685422997,272194,205000,22689,3.4,"Houston-The Woodlands-Sugar Land, TX"
Nov-2015,4937,1287959548,260879,202000,21915,3.3,"Houston-The Woodlands-Sugar Land, TX"
Dec-2015,6682,1877067391,280914,219000,20543,3.1,"Houston-The Woodlands-Sugar Land, TX"
Jan-2016,4270,1111537301,260313,200000,21152,3.2,"Houston-The Woodlands-Sugar Land, TX"
Feb-2016,4978,1314145040,263991,205000,21852,3.3,"Houston-The Woodlands-Sugar Land, TX"
Mar-2016,6722,1819779261,270720,214000,22847,3.5,"Houston-The Woodlands-Sugar Land, TX"
Apr-2016,6738,1873397416,278035,218000,23133,3.5,"Houston-The Woodlands-Sugar Land, TX"
May-2016,7708,2224301362,288570,225000,23643,3.6,"Houston-The Woodlands-Sugar Land, TX"
Jun-2016,8236,2449703213,297438,232000,25140,3.8,"Houston-The Woodlands-Sugar Land, TX"
Jul-2016,7483,2167992847,289722,230000,25718,3.9,"Houston-The Woodlands-Sugar Land, TX"
Aug-2016,8295,2389940257,288118,225000,25679,3.9,"Houston-The Woodlands-Sugar Land, TX"
Sep-2016,6955,1916402760,275543,218000,25446,3.9,"Houston-The Woodlands-Sugar Land, TX"
Oct-2016,6251,1723570148,275727,217500,24788,3.8,"Houston-The Woodlands-Sugar Land, TX"
Nov-2016,6056,1701168872,280906,224500,23951,3.6,"Houston-The Woodlands-Sugar Land, TX"
Dec-2016,6924,2031764439,293438,226000,22397,3.3,"Houston-The Woodlands-Sugar Land, TX"
Jan-2017,4316,1218907032,282416,210000,22190,3.3,"Houston-The Woodlands-Sugar Land, TX"
Feb-2017,5303,1474054119,277966,221900,22788,3.4,"Houston-The Woodlands-Sugar Land, TX"
Mar-2017,7401,2100460327,283808,227900,24519,3.6,"Houston-The Woodlands-Sugar Land, TX"
Apr-2017,6973,2020123230,289706,229000,25920,3.8,"Houston-The Woodlands-Sugar Land, TX"
May-2017,8450,2537135065,300253,235000,27384,4,"Houston-The Woodlands-Sugar Land, TX"
Jun-2017,8757,2652115544,302857,239000,29150,4.2,"Houston-The Woodlands-Sugar Land, TX"
Jul-2017,7662,2281832043,297812,230000,31249,4.5,"Houston-The Woodlands-Sugar Land, TX"
Jan-1990,478,35062256,73352,63830,8211,17.2,"San Antonio-New Braunfels, TX"
Feb-1990,363,27456231,75637,60258,9280,22.1,"San Antonio-New Braunfels, TX"
Mar-1990,553,45066182,81494,61548,9335,20.1,"San Antonio-New Braunfels, TX"
Apr-1990,429,38545221,89849,59067,9545,20.9,"San Antonio-New Braunfels, TX"
May-1990,537,48376719,90087,62143,9588,20.3,"San Antonio-New Braunfels, TX"
Jun-1990,682,50826732,74526,62540,9221,18.2,"San Antonio-New Braunfels, TX"
Jul-1990,638,51613562,80899,61945,9087,17.3,"San Antonio-New Braunfels, TX"
Aug-1990,776,61661736,79461,66013,8751,15.7,"San Antonio-New Braunfels, TX"
Sep-1990,490,37656500,76850,65219,8731,15.9,"San Antonio-New Braunfels, TX"
Oct-1990,468,32604624,69668,59464,8580,15.8,"San Antonio-New Braunfels, TX"
Nov-1990,478,35062256,73352,63830,8211,15.3,"San Antonio-New Braunfels, TX"
Dec-1990,430,31855260,74082,60853,7983,15.2,"San Antonio-New Braunfels, TX"
Jan-1991,353,24352058,68986,56587,7875,15.3,"San Antonio-New Braunfels, TX"
Feb-1991,405,31163535,76947,59167,7680,14.8,"San Antonio-New Braunfels, TX"
Mar-1991,587,42516410,72430,60357,7784,14.9,"San Antonio-New Braunfels, TX"
Apr-1991,496,37004576,74606,61250,7479,14.2,"San Antonio-New Braunfels, TX"
May-1991,627,53204085,84855,61746,7050,13.2,"San Antonio-New Braunfels, TX"
Jun-1991,578,46303002,80109,64326,6914,13.1,"San Antonio-New Braunfels, TX"
Jul-1991,622,52700194,84727,70379,6790,12.9,"San Antonio-New Braunfels, TX"
Aug-1991,745,67351725,90405,68295,6651,12.7,"San Antonio-New Braunfels, TX"
Sep-1991,494,42849066,86739,66112,6306,12,"San Antonio-New Braunfels, TX"
Oct-1991,506,37988456,75076,58075,6182,11.7,"San Antonio-New Braunfels, TX"
Nov-1991,538,42574092,79134,66707,5976,11.2,"San Antonio-New Braunfels, TX"
Dec-1991,480,39295200,81865,67005,5808,10.8,"San Antonio-New Braunfels, TX"
Jan-1992,402,31487856,78328,64921,5904,10.9,"San Antonio-New Braunfels, TX"
Feb-1992,423,35107731,82997,70081,6040,11.2,"San Antonio-New Braunfels, TX"
Mar-1992,639,52394166,81994,68196,6186,11.3,"San Antonio-New Braunfels, TX"
Apr-1992,503,40660508,80836,67005,6298,11.5,"San Antonio-New Braunfels, TX"
May-1992,490,41624030,84947,65418,6265,11.7,"San Antonio-New Braunfels, TX"
Jun-1992,736,62732960,85235,72760,6231,11.4,"San Antonio-New Braunfels, TX"
Jul-1992,701,59181224,84424,72859,6122,11,"San Antonio-New Braunfels, TX"
Aug-1992,622,54181798,87109,74844,5997,11,"San Antonio-New Braunfels, TX"
Sep-1992,629,53964426,85794,72264,5821,10.5,"San Antonio-New Braunfels, TX"
Oct-1992,475,39443050,83038,67600,5855,10.6,"San Antonio-New Braunfels, TX"
Nov-1992,617,52188945,84585,69486,5784,10.3,"San Antonio-New Braunfels, TX"
Dec-1992,658,64686664,98308,71371,5602,9.7,"San Antonio-New Braunfels, TX"
Jan-1993,438,40381410,92195,71966,5591,9.7,"San Antonio-New Braunfels, TX"
Feb-1993,562,47283870,84135,68097,5551,9.4,"San Antonio-New Braunfels, TX"
Mar-1993,476,42306880,88880,73256,5604,9.7,"San Antonio-New Braunfels, TX"
Apr-1993,522,48576798,93059,76431,5468,9.5,"San Antonio-New Braunfels, TX"
May-1993,719,75316688,104752,75836,5506,9.2,"San Antonio-New Braunfels, TX"
Jun-1993,865,86241365,99701,77721,5386,8.9,"San Antonio-New Braunfels, TX"
Jul-1993,637,71717282,112586,80598,5380,8.9,"San Antonio-New Braunfels, TX"
Aug-1993,684,63560016,92924,77820,5382,8.9,"San Antonio-New Braunfels, TX"
Sep-1993,656,59017040,89965,76530,5279,8.7,"San Antonio-New Braunfels, TX"
Oct-1993,600,54940800,91568,73554,5227,8.4,"San Antonio-New Braunfels, TX"
Nov-1993,589,56068677,95193,75240,5074,8.2,"San Antonio-New Braunfels, TX"
Dec-1993,702,62664030,89265,74248,4951,8,"San Antonio-New Braunfels, TX"
Jan-1994,473,43572760,92120,74645,5008,8,"San Antonio-New Braunfels, TX"
Feb-1994,455,43126265,94783,72859,5046,8.2,"San Antonio-New Braunfels, TX"
Mar-1994,759,74564919,98241,76034,5164,8.1,"San Antonio-New Braunfels, TX"
Apr-1994,608,55539584,91348,75240,5278,8.2,"San Antonio-New Braunfels, TX"
May-1994,593,58351793,98401,78416,5456,8.6,"San Antonio-New Braunfels, TX"
Jun-1994,949,90241359,95091,78614,5447,8.5,"San Antonio-New Braunfels, TX"
Jul-1994,566,56185122,99267,77919,5495,8.6,"San Antonio-New Braunfels, TX"
Aug-1994,715,79436500,111100,79011,5546,8.7,"San Antonio-New Braunfels, TX"
Sep-1994,670,62779670,93701,77126,5519,8.6,"San Antonio-New Braunfels, TX"
Oct-1994,509,46367864,91096,73951,5578,8.8,"San Antonio-New Braunfels, TX"
Nov-1994,484,44033836,90979,78217,5474,8.8,"San Antonio-New Braunfels, TX"
Dec-1994,594,60497118,101847,75637,5277,8.6,"San Antonio-New Braunfels, TX"
Jan-1995,426,51255042,120317,75637,5323,8.7,"San Antonio-New Braunfels, TX"
Feb-1995,445,41324480,92864,75340,5454,8.9,"San Antonio-New Braunfels, TX"
Mar-1995,697,64036875,91875,74447,5766,9.5,"San Antonio-New Braunfels, TX"
Apr-1995,425,40173550,94526,75538,6077,10.3,"San Antonio-New Braunfels, TX"
May-1995,504,47895120,95030,77919,6266,10.8,"San Antonio-New Braunfels, TX"
Jun-1995,727,72392479,99577,82484,6321,11.2,"San Antonio-New Braunfels, TX"
Jul-1995,656,66212704,100934,85956,6441,11.3,"San Antonio-New Braunfels, TX"
Aug-1995,815,83153635,102029,81988,6395,11,"San Antonio-New Braunfels, TX"
Sep-1995,660,64647660,97951,83277,6396,11.1,"San Antonio-New Braunfels, TX"
Oct-1995,566,56146634,99199,81392,6475,11.1,"San Antonio-New Braunfels, TX"
Nov-1995,584,60800824,104111,79606,6391,10.8,"San Antonio-New Braunfels, TX"
Dec-1995,612,61097184,99832,80301,6276,10.6,"San Antonio-New Braunfels, TX"
Jan-1996,544,54881984,100886,82484,7040,11.7,"San Antonio-New Braunfels, TX"
Feb-1996,671,63730238,94978,80698,7118,11.4,"San Antonio-New Braunfels, TX"
Mar-1996,888,89471328,100756,83178,7182,11.3,"San Antonio-New Braunfels, TX"
Apr-1996,991,95917899,96789,81591,7592,11.1,"San Antonio-New Braunfels, TX"
May-1996,1073,107818259,100483,82781,7744,10.6,"San Antonio-New Braunfels, TX"
Jun-1996,1125,120042000,106704,87246,7744,10.1,"San Antonio-New Braunfels, TX"
Jul-1996,1149,120877098,105202,84666,7761,9.6,"San Antonio-New Braunfels, TX"
Aug-1996,1103,114571919,103873,85559,7841,9.4,"San Antonio-New Braunfels, TX"
Sep-1996,914,91623930,100245,83575,7780,9.1,"San Antonio-New Braunfels, TX"
Oct-1996,857,90101552,105136,83277,7722,8.8,"San Antonio-New Braunfels, TX"
Nov-1996,722,76239590,105595,85758,7533,8.5,"San Antonio-New Braunfels, TX"
Dec-1996,835,85975775,102965,84170,7168,7.9,"San Antonio-New Braunfels, TX"
Jan-1997,644,72773288,113002,88437,7480,8.2,"San Antonio-New Braunfels, TX"
Feb-1997,666,67788144,101784,81491,7694,8.4,"San Antonio-New Braunfels, TX"
Mar-1997,895,91464525,102195,83277,8104,8.9,"San Antonio-New Braunfels, TX"
Apr-1997,908,90061796,99187,81591,8310,9.2,"San Antonio-New Braunfels, TX"
May-1997,1018,109660996,107722,88834,8315,9.2,"San Antonio-New Braunfels, TX"
Jun-1997,1124,122800372,109253,87445,8362,9.3,"San Antonio-New Braunfels, TX"
Jul-1997,1189,126610665,106485,88536,8401,9.3,"San Antonio-New Braunfels, TX"
Aug-1997,1187,126917601,106923,86056,8104,8.9,"San Antonio-New Braunfels, TX"
Sep-1997,951,102189705,107455,86353,7946,8.7,"San Antonio-New Braunfels, TX"
Oct-1997,1025,107733650,105106,83972,7742,8.3,"San Antonio-New Braunfels, TX"
Nov-1997,809,87299999,107911,88933,7542,8,"San Antonio-New Braunfels, TX"
Dec-1997,972,109009800,112150,89628,7460,7.9,"San Antonio-New Braunfels, TX"
Jan-1998,680,74363440,109358,85857,7627,8,"San Antonio-New Braunfels, TX"
Feb-1998,850,87733600,103216,82781,7715,8,"San Antonio-New Braunfels, TX"
Mar-1998,1146,118695804,103574,82186,8027,8.1,"San Antonio-New Braunfels, TX"
Apr-1998,1106,118903848,107508,86651,7981,7.9,"San Antonio-New Braunfels, TX"
May-1998,1203,133336911,110837,89528,7820,7.7,"San Antonio-New Braunfels, TX"
Jun-1998,1395,165041055,118309,92009,7508,7.2,"San Antonio-New Braunfels, TX"
Jul-1998,1454,165590244,113886,92803,7318,6.9,"San Antonio-New Braunfels, TX"
Aug-1998,1284,145624860,113415,93299,7137,6.7,"San Antonio-New Braunfels, TX"
Sep-1998,1191,126634266,106326,84369,6965,6.4,"San Antonio-New Braunfels, TX"
Oct-1998,1027,110277206,107378,85460,6718,6.1,"San Antonio-New Braunfels, TX"
Nov-1998,1059,112387434,106126,84766,6530,5.9,"San Antonio-New Braunfels, TX"
Dec-1998,1168,127422960,109095,88338,6261,5.5,"San Antonio-New Braunfels, TX"
Jan-1999,822,86940474,105767,85758,6401,5.6,"San Antonio-New Braunfels, TX"
Feb-1999,998,103618348,103826,82881,6489,5.6,"San Antonio-New Braunfels, TX"
Mar-1999,1342,146676574,109297,86651,6601,5.6,"San Antonio-New Braunfels, TX"
Apr-1999,1333,149491951,112147,88238,6705,5.6,"San Antonio-New Braunfels, TX"
May-1999,1379,156393769,113411,91810,6681,5.5,"San Antonio-New Braunfels, TX"
Jun-1999,1673,197485939,118043,95085,6624,5.4,"San Antonio-New Braunfels, TX"
Jul-1999,1508,172521232,114404,89727,6487,5.3,"San Antonio-New Braunfels, TX"
Aug-1999,1521,172295838,113278,91513,6394,5.1,"San Antonio-New Braunfels, TX"
Sep-1999,1312,152012256,115863,91711,6256,5,"San Antonio-New Braunfels, TX"
Oct-1999,1117,123380469,110457,87544,6193,4.9,"San Antonio-New Braunfels, TX"
Nov-1999,1089,127237671,116839,88338,6060,4.8,"San Antonio-New Braunfels, TX"
Dec-1999,1181,133976183,113443,88735,5822,4.6,"San Antonio-New Braunfels, TX"
Jan-2000,821,99410785,121085,91215,5901,4.6,"San Antonio-New Braunfels, TX"
Feb-2000,1085,122474800,112880,86353,5969,4.7,"San Antonio-New Braunfels, TX"
Mar-2000,1455,170930490,117478,87345,6224,4.8,"San Antonio-New Braunfels, TX"
Apr-2000,1279,147678456,115464,90521,6376,5,"San Antonio-New Braunfels, TX"
May-2000,1601,187102466,116866,91513,6492,5,"San Antonio-New Braunfels, TX"
Jun-2000,1696,215134208,126848,100343,6509,5,"San Antonio-New Braunfels, TX"
Jul-2000,1533,189449673,123581,100740,6365,4.9,"San Antonio-New Braunfels, TX"
Aug-2000,1655,199644305,120631,93696,6803,5.2,"San Antonio-New Braunfels, TX"
Sep-2000,1318,159321158,120881,95085,6800,5.2,"San Antonio-New Braunfels, TX"
Oct-2000,1206,143778114,119219,93795,6889,5.2,"San Antonio-New Braunfels, TX"
Nov-2000,1137,135334836,119028,94390,6648,5,"San Antonio-New Braunfels, TX"
Dec-2000,1016,124349256,122391,97069,6372,4.8,"San Antonio-New Braunfels, TX"
Jan-2001,951,106761162,112262,88238,6475,4.9,"San Antonio-New Braunfels, TX"
Feb-2001,1120,140019040,125017,97168,6700,5,"San Antonio-New Braunfels, TX"
Mar-2001,1507,186941843,124049,97565,6821,5.1,"San Antonio-New Braunfels, TX"
Apr-2001,1392,164592864,118242,93596,6945,5.2,"San Antonio-New Braunfels, TX"
May-2001,1663,207677103,124881,102526,7114,5.3,"San Antonio-New Braunfels, TX"
Jun-2001,1793,229319321,127897,104808,7301,5.4,"San Antonio-New Braunfels, TX"
Jul-2001,1644,205521372,125013,101137,7252,5.3,"San Antonio-New Braunfels, TX"
Aug-2001,1664,211301376,126984,102626,7046,5.2,"San Antonio-New Braunfels, TX"
Sep-2001,1172,144875608,123614,98756,6958,5.1,"San Antonio-New Braunfels, TX"
Oct-2001,1258,158709280,126160,96672,6813,5,"San Antonio-New Braunfels, TX"
Nov-2001,1168,148638512,127259,98458,6549,4.8,"San Antonio-New Braunfels, TX"
Dec-2001,1165,150646150,129310,108182,6336,4.6,"San Antonio-New Braunfels, TX"
Jan-2002,888,108180600,121825,100740,6654,4.9,"San Antonio-New Braunfels, TX"
Feb-2002,1107,141149142,127506,104213,6826,5,"San Antonio-New Braunfels, TX"
Mar-2002,1345,174511060,129748,100641,6998,5.2,"San Antonio-New Braunfels, TX"
Apr-2002,1358,172941300,127350,102328,7089,5.2,"San Antonio-New Braunfels, TX"
May-2002,1680,225195600,134045,108877,7120,5.3,"San Antonio-New Braunfels, TX"
Jun-2002,1520,207826560,136728,112845,7278,5.5,"San Antonio-New Braunfels, TX"
Jul-2002,1578,211388880,133960,111159,7306,5.5,"San Antonio-New Braunfels, TX"
Aug-2002,1604,205703376,128244,103419,7284,5.5,"San Antonio-New Braunfels, TX"
Sep-2002,1326,170422824,128524,105801,7331,5.5,"San Antonio-New Braunfels, TX"
Oct-2002,1338,178288500,133250,107984,7313,5.5,"San Antonio-New Braunfels, TX"
Nov-2002,1160,156227640,134679,106892,7207,5.4,"San Antonio-New Braunfels, TX"
Dec-2002,1300,179432500,138025,113044,6995,5.2,"San Antonio-New Braunfels, TX"
Jan-2003,1026,131036616,127716,101336,7282,5.3,"San Antonio-New Braunfels, TX"
Feb-2003,1148,151751824,132188,108976,7384,5.4,"San Antonio-New Braunfels, TX"
Mar-2003,1400,185298400,132356,105701,7681,5.6,"San Antonio-New Braunfels, TX"
Apr-2003,1512,207326952,137121,112052,7954,5.8,"San Antonio-New Braunfels, TX"
May-2003,1639,229278071,139889,114631,8203,5.9,"San Antonio-New Braunfels, TX"
Jun-2003,1841,277847402,150922,125546,8458,6,"San Antonio-New Braunfels, TX"
Jul-2003,1816,265190480,146030,120684,8453,5.9,"San Antonio-New Braunfels, TX"
Aug-2003,1849,262042129,141721,120585,8389,5.8,"San Antonio-New Braunfels, TX"
Sep-2003,1611,216336357,134287,111754,8521,5.8,"San Antonio-New Braunfels, TX"
Oct-2003,1521,199275336,131016,108281,8402,5.7,"San Antonio-New Braunfels, TX"
Nov-2003,1261,175364748,139068,110960,8156,5.5,"San Antonio-New Braunfels, TX"
Dec-2003,1525,211264350,138534,114334,7910,5.2,"San Antonio-New Braunfels, TX"
Jan-2004,1036,136329312,131592,107289,8347,5.5,"San Antonio-New Braunfels, TX"
Feb-2004,1292,173733948,134469,108480,8574,5.6,"San Antonio-New Braunfels, TX"
Mar-2004,1731,234849963,135673,114532,8829,5.7,"San Antonio-New Braunfels, TX"
Apr-2004,1726,237690912,137712,112647,8904,5.7,"San Antonio-New Braunfels, TX"
May-2004,1902,278026752,146176,121874,9024,5.7,"San Antonio-New Braunfels, TX"
Jun-2004,2335,362123475,155085,126935,8975,5.5,"San Antonio-New Braunfels, TX"
Jul-2004,2151,321619671,149521,124256,8950,5.4,"San Antonio-New Braunfels, TX"
Aug-2004,2077,307321228,147964,124057,8876,5.3,"San Antonio-New Braunfels, TX"
Sep-2004,1748,253538660,145045,120783,8894,5.3,"San Antonio-New Braunfels, TX"
Oct-2004,1652,232568560,140780,118005,8809,5.2,"San Antonio-New Braunfels, TX"
Nov-2004,1497,219437745,146585,118203,8725,5.1,"San Antonio-New Braunfels, TX"
Dec-2004,1722,250258260,145330,121577,8641,5,"San Antonio-New Braunfels, TX"
Jan-2005,1281,176747256,137976,115028,8557,4.9,"San Antonio-New Braunfels, TX"
Feb-2005,1473,217532640,147680,121478,8591,4.8,"San Antonio-New Braunfels, TX"
Mar-2005,1998,286443270,143365,121676,8896,5,"San Antonio-New Braunfels, TX"
Apr-2005,1961,291322238,148558,125943,8892,4.9,"San Antonio-New Braunfels, TX"
May-2005,2362,375579258,159009,130705,8987,4.8,"San Antonio-New Braunfels, TX"
Jun-2005,2562,417672612,163026,135666,8971,4.8,"San Antonio-New Braunfels, TX"
Jul-2005,2288,361096736,157822,134575,8868,4.7,"San Antonio-New Braunfels, TX"
Aug-2005,2607,420728088,161384,135468,8389,4.3,"San Antonio-New Braunfels, TX"
Sep-2005,2273,365482489,160793,136658,8185,4.1,"San Antonio-New Braunfels, TX"
Oct-2005,1953,314069742,160814,129713,8082,4,"San Antonio-New Braunfels, TX"
Nov-2005,1850,295500500,159730,134476,7869,3.9,"San Antonio-New Braunfels, TX"
Dec-2005,1922,313891430,163315,139139,7594,3.7,"San Antonio-New Braunfels, TX"
Jan-2006,1442,226290176,156928,130408,7948,3.9,"San Antonio-New Braunfels, TX"
Feb-2006,1736,272260352,156832,130408,7889,3.8,"San Antonio-New Braunfels, TX"
Mar-2006,2407,391139907,162501,135865,8178,3.9,"San Antonio-New Braunfels, TX"
Apr-2006,2113,344955702,163254,135765,8282,3.9,"San Antonio-New Braunfels, TX"
May-2006,2617,450066426,171978,140727,8442,3.9,"San Antonio-New Braunfels, TX"
Jun-2006,2881,511599337,177577,147374,8492,3.9,"San Antonio-New Braunfels, TX"
Jul-2006,2628,469547388,178671,145985,8721,4,"San Antonio-New Braunfels, TX"
Aug-2006,2607,448888902,172186,143207,8936,4.1,"San Antonio-New Braunfels, TX"
Sep-2006,2294,383643972,167238,139040,9217,4.2,"San Antonio-New Braunfels, TX"
Oct-2006,2000,337622000,168811,137849,9612,4.4,"San Antonio-New Braunfels, TX"
Nov-2006,1957,329556843,168399,141620,9480,4.3,"San Antonio-New Braunfels, TX"
Dec-2006,2054,364011934,177221,147374,9148,4.1,"San Antonio-New Braunfels, TX"
Jan-2007,1443,244074792,169144,142314,9746,4.4,"San Antonio-New Braunfels, TX"
Feb-2007,1732,304312400,175700,143009,10440,4.7,"San Antonio-New Braunfels, TX"
Mar-2007,2185,379514835,173691,145588,10839,4.9,"San Antonio-New Braunfels, TX"
Apr-2007,2152,387919520,180260,144894,11620,5.3,"San Antonio-New Braunfels, TX"
May-2007,2535,456890655,180233,147077,12315,5.6,"San Antonio-New Braunfels, TX"
Jun-2007,2499,482157060,192940,156999,12779,5.9,"San Antonio-New Braunfels, TX"
Jul-2007,2426,447509664,184464,152137,13008,6,"San Antonio-New Braunfels, TX"
Aug-2007,2464,459757760,186590,151343,12919,6,"San Antonio-New Braunfels, TX"
Sep-2007,1922,342087170,177985,146481,12946,6.1,"San Antonio-New Braunfels, TX"
Oct-2007,1754,302100190,172235,144298,13165,6.3,"San Antonio-New Braunfels, TX"
Nov-2007,1618,284581930,175885,144894,12638,6.1,"San Antonio-New Braunfels, TX"
Dec-2007,1720,312097440,181452,148367,11901,5.8,"San Antonio-New Braunfels, TX"
Jan-2008,1250,214237500,171390,140330,12428,6.1,"San Antonio-New Braunfels, TX"
Feb-2008,1572,268077876,170533,142909,12692,6.3,"San Antonio-New Braunfels, TX"
Mar-2008,1755,315459495,179749,147771,13153,6.7,"San Antonio-New Braunfels, TX"
Apr-2008,1777,328526429,184877,152137,13543,7,"San Antonio-New Braunfels, TX"
May-2008,1947,363269313,186579,151542,13704,7.2,"San Antonio-New Braunfels, TX"
Jun-2008,2140,413676980,193307,157594,13936,7.5,"San Antonio-New Braunfels, TX"
Jul-2008,1927,357073100,185300,153228,14154,7.8,"San Antonio-New Braunfels, TX"
Aug-2008,1833,337799904,184288,150053,13879,7.9,"San Antonio-New Braunfels, TX"
Sep-2008,1685,297720965,176689,144398,13682,7.8,"San Antonio-New Braunfels, TX"
Oct-2008,1445,266268705,184269,144199,13605,7.9,"San Antonio-New Braunfels, TX"
Nov-2008,1049,187487770,178730,142512,13200,7.9,"San Antonio-New Braunfels, TX"
Dec-2008,1329,235918764,177516,141421,12340,7.5,"San Antonio-New Braunfels, TX"
Jan-2009,862,159094168,184564,145787,12409,7.7,"San Antonio-New Braunfels, TX"
Feb-2009,1169,204411340,174860,142215,12683,8,"San Antonio-New Braunfels, TX"
Mar-2009,1392,239217984,171852,143703,12868,8.3,"San Antonio-New Braunfels, TX"
Apr-2009,1525,275257925,180497,147771,12751,8.4,"San Antonio-New Braunfels, TX"
May-2009,1697,311988359,183847,151442,12662,8.4,"San Antonio-New Braunfels, TX"
Jun-2009,1993,376892244,189108,155907,12576,8.4,"San Antonio-New Braunfels, TX"
Jul-2009,2087,388033823,185929,158388,12473,8.3,"San Antonio-New Braunfels, TX"
Aug-2009,1837,330705925,180025,147672,12283,8.2,"San Antonio-New Braunfels, TX"
Sep-2009,1638,284289642,173559,146382,11923,7.9,"San Antonio-New Braunfels, TX"
Oct-2009,1784,297856640,166960,138643,11640,7.6,"San Antonio-New Braunfels, TX"
Nov-2009,1636,276577252,169057,140925,11562,7.3,"San Antonio-New Braunfels, TX"
Dec-2009,1420,255953580,180249,147275,11205,7.1,"San Antonio-New Braunfels, TX"
Jan-2010,860,149155820,173437,138742,11812,7.4,"San Antonio-New Braunfels, TX"
Feb-2010,1266,213500772,168642,141620,12227,7.7,"San Antonio-New Braunfels, TX"
Mar-2010,1796,313479228,174543,143207,13010,8,"San Antonio-New Braunfels, TX"
Apr-2010,1956,337586040,172590,142512,12777,7.7,"San Antonio-New Braunfels, TX"
May-2010,2077,364069022,175286,146481,13117,7.7,"San Antonio-New Braunfels, TX"
Jun-2010,2012,378356600,188050,151839,13616,8,"San Antonio-New Braunfels, TX"
Jul-2010,1585,322704415,203599,161563,13662,8.3,"San Antonio-New Braunfels, TX"
Aug-2010,1687,334302668,198164,159876,13487,8.2,"San Antonio-New Braunfels, TX"
Sep-2010,1485,272997945,183837,151839,13084,8,"San Antonio-New Braunfels, TX"
Oct-2010,1338,243287202,181829,149160,12676,8,"San Antonio-New Braunfels, TX"
Nov-2010,1318,249558028,189346,152732,12294,7.8,"San Antonio-New Braunfels, TX"
Dec-2010,1375,263697500,191780,156999,11660,7.5,"San Antonio-New Braunfels, TX"
Jan-2011,988,177126736,179278,147000,11965,8,"San Antonio-New Braunfels, TX"
Feb-2011,1151,204207052,177417,147500,12138,8.1,"San Antonio-New Braunfels, TX"
Mar-2011,1632,287105053,175922,148000,12547,8.3,"San Antonio-New Braunfels, TX"
Apr-2011,1602,284755950,177750,146910,12692,8.5,"San Antonio-New Braunfels, TX"
May-2011,1868,351003283,187903,152000,12740,8.6,"San Antonio-New Braunfels, TX"
Jun-2011,2011,386044502,191966,154900,12711,8.5,"San Antonio-New Braunfels, TX"
Jul-2011,1776,341464983,192266,156000,12549,8.3,"San Antonio-New Braunfels, TX"
Aug-2011,1837,334740621,182221,153000,11916,7.8,"San Antonio-New Braunfels, TX"
Sep-2011,1649,310330965,188193,154900,11554,7.5,"San Antonio-New Braunfels, TX"
Oct-2011,1458,264951316,181722,151653,11364,7.3,"San Antonio-New Braunfels, TX"
Nov-2011,1321,232212370,175785,146500,10962,7,"San Antonio-New Braunfels, TX"
Dec-2011,1479,272430242,184199,150000,10233,6.5,"San Antonio-New Braunfels, TX"
Jan-2012,1065,186978756,175567,142500,10459,6.7,"San Antonio-New Braunfels, TX"
Feb-2012,1340,245338932,183089,149900,10547,6.6,"San Antonio-New Braunfels, TX"
Mar-2012,1716,317262304,184885,156735,10678,6.7,"San Antonio-New Braunfels, TX"
Apr-2012,1722,331832274,192702,158000,11034,6.9,"San Antonio-New Braunfels, TX"
May-2012,1980,388716774,196322,160000,11126,6.9,"San Antonio-New Braunfels, TX"
Jun-2012,2133,441370490,206925,169000,11099,6.8,"San Antonio-New Braunfels, TX"
Jul-2012,1963,384517182,195882,163000,11009,6.7,"San Antonio-New Braunfels, TX"
Aug-2012,2182,426241498,195344,160000,10540,6.3,"San Antonio-New Braunfels, TX"
Sep-2012,1756,336368285,191554,157500,10213,6.1,"San Antonio-New Braunfels, TX"
Oct-2012,1739,339147554,195024,159008,9889,5.8,"San Antonio-New Braunfels, TX"
Nov-2012,1652,319265425,193260,161400,9483,5.5,"San Antonio-New Braunfels, TX"
Dec-2012,1619,309500185,191168,157500,8865,5.1,"San Antonio-New Braunfels, TX"
Jan-2013,1309,239445550,182922,150000,8997,5.1,"San Antonio-New Braunfels, TX"
Feb-2013,1465,287741665,196411,159734,9418,5.3,"San Antonio-New Braunfels, TX"
Mar-2013,1923,369985384,192400,159500,9549,5.3,"San Antonio-New Braunfels, TX"
Apr-2013,2055,414085091,201501,165000,9485,5.2,"San Antonio-New Braunfels, TX"
May-2013,2581,550050615,213115,173000,9464,5.1,"San Antonio-New Braunfels, TX"
Jun-2013,2438,529781897,217302,178000,9640,5.1,"San Antonio-New Braunfels, TX"
Jul-2013,2512,539802422,214889,177000,9831,5.1,"San Antonio-New Braunfels, TX"
Aug-2013,2530,527511985,208503,175000,9466,4.8,"San Antonio-New Braunfels, TX"
Sep-2013,2105,431291627,204889,168000,9172,4.6,"San Antonio-New Braunfels, TX"
Oct-2013,1942,393821323,202792,167374,8931,4.4,"San Antonio-New Braunfels, TX"
Nov-2013,1728,368073575,213006,170000,8431,4.2,"San Antonio-New Braunfels, TX"
Dec-2013,1879,398535515,212100,171500,7994,3.9,"San Antonio-New Braunfels, TX"
Jan-2014,1430,276952586,193673,160950,8359,4.1,"San Antonio-New Braunfels, TX"
Feb-2014,1575,316614577,201025,169000,8712,4.2,"San Antonio-New Braunfels, TX"
Mar-2014,1925,404533300,210147,173280,8989,4.4,"San Antonio-New Braunfels, TX"
Apr-2014,2217,458854000,206971,176000,9441,4.6,"San Antonio-New Braunfels, TX"
May-2014,2466,544909744,220969,182000,9662,4.7,"San Antonio-New Braunfels, TX"
Jun-2014,2602,594276842,228392,186130,9744,4.7,"San Antonio-New Braunfels, TX"
Jul-2014,2628,593814215,225957,184300,9556,4.6,"San Antonio-New Braunfels, TX"
Aug-2014,2584,561889844,217450,180000,9339,4.5,"San Antonio-New Braunfels, TX"
Sep-2014,2375,518371650,218262,184000,9099,4.3,"San Antonio-New Braunfels, TX"
Oct-2014,2288,473658170,207018,175000,8807,4.1,"San Antonio-New Braunfels, TX"
Nov-2014,1784,400921880,224732,183354,8334,3.9,"San Antonio-New Braunfels, TX"
Dec-2014,2234,491171357,219862,181979,7640,3.5,"San Antonio-New Braunfels, TX"
Jan-2015,1508,315494167,209214,178129,7661,3.5,"San Antonio-New Braunfels, TX"
Feb-2015,1831,400664614,218823,187000,7834,3.6,"San Antonio-New Braunfels, TX"
Mar-2015,2345,525161554,223949,185000,7813,3.5,"San Antonio-New Braunfels, TX"
Apr-2015,2521,561147838,222589,187000,8246,3.6,"San Antonio-New Braunfels, TX"
May-2015,2724,659331746,242045,198950,8661,3.8,"San Antonio-New Braunfels, TX"
Jun-2015,3047,730819445,239849,199990,9029,3.9,"San Antonio-New Braunfels, TX"
Jul-2015,3074,728338028,236935,199450,9527,4,"San Antonio-New Braunfels, TX"
Aug-2015,2723,633942496,232810,196000,9334,3.9,"San Antonio-New Braunfels, TX"
Sep-2015,2536,589706587,232534,190500,9262,3.9,"San Antonio-New Braunfels, TX"
Oct-2015,2348,536105247,228324,185000,9112,3.8,"San Antonio-New Braunfels, TX"
Nov-2015,1840,399181036,216946,184000,8822,3.7,"San Antonio-New Braunfels, TX"
Dec-2015,2383,558076457,234191,195700,8082,3.4,"San Antonio-New Braunfels, TX"
Jan-2016,1617,361030890,223272,185000,8444,3.5,"San Antonio-New Braunfels, TX"
Feb-2016,2026,458678792,226396,190000,8480,3.5,"San Antonio-New Braunfels, TX"
Mar-2016,2698,617699374,228947,199000,8868,3.6,"San Antonio-New Braunfels, TX"
Apr-2016,2639,617148687,233857,199900,9075,3.7,"San Antonio-New Braunfels, TX"
May-2016,2969,722047464,243196,207500,9269,3.7,"San Antonio-New Braunfels, TX"
Jun-2016,3244,788698499,243125,209950,9482,3.8,"San Antonio-New Braunfels, TX"
Jul-2016,2992,732291058,244750,209000,9761,3.9,"San Antonio-New Braunfels, TX"
Aug-2016,3115,757072128,243041,207500,9633,3.8,"San Antonio-New Braunfels, TX"
Sep-2016,2792,665583406,238389,201950,9225,3.6,"San Antonio-New Braunfels, TX"
Oct-2016,2560,614460702,240024,205000,8985,3.5,"San Antonio-New Braunfels, TX"
Nov-2016,2314,553665955,239268,200000,8632,3.3,"San Antonio-New Braunfels, TX"
Dec-2016,2546,607269921,238519,207500,7821,3,"San Antonio-New Braunfels, TX"
Jan-2017,1790,413850124,231201,195000,7885,3,"San Antonio-New Braunfels, TX"
Feb-2017,2084,479302903,229992,200000,7512,2.8,"San Antonio-New Braunfels, TX"
Mar-2017,2771,672259718,242605,200000,8011,3,"San Antonio-New Braunfels, TX"
Apr-2017,2597,644168449,248043,210000,8706,3.3,"San Antonio-New Braunfels, TX"
May-2017,3282,836344957,254828,219000,9125,3.4,"San Antonio-New Braunfels, TX"
Jun-2017,3466,881427383,254307,218050,9900,3.7,"San Antonio-New Braunfels, TX"
Jul-2017,3138,793497046,252867,214875,10126,3.7,"San Antonio-New Braunfels, TX"
Aug-2017,3158,789686898,250059,215000,10126,3.7,"San Antonio-New Braunfels, TX"
Jan-1990,1943,204559040,105280,86416,31342,16.1,"Dallas-Fort Worth-Arlington, TX"
Feb-1990,1686,180398628,106998,85477,31818,17.5,"Dallas-Fort Worth-Arlington, TX"
Mar-1990,2625,274257375,104479,84503,32670,15.7,"Dallas-Fort Worth-Arlington, TX"
Apr-1990,2387,255268167,106941,83744,33250,15.4,"Dallas-Fort Worth-Arlington, TX"
May-1990,2520,282232440,111997,84106,33316,14.9,"Dallas-Fort Worth-Arlington, TX"
Jun-1990,2521,279064616,110696,91391,36503,16,"Dallas-Fort Worth-Arlington, TX"
Jul-1990,2859,309955626,108414,86728,33297,14.1,"Dallas-Fort Worth-Arlington, TX"
Aug-1990,2821,309816325,109825,85564,32214,13.3,"Dallas-Fort Worth-Arlington, TX"
Sep-1990,2184,235131624,107661,85401,35677,14.9,"Dallas-Fort Worth-Arlington, TX"
Oct-1990,2142,209072052,97606,80331,34938,14.7,"Dallas-Fort Worth-Arlington, TX"
Nov-1990,2077,204416263,98419,81119,34733,14.8,"Dallas-Fort Worth-Arlington, TX"
Dec-1990,2045,199452940,97532,79617,31666,13.7,"Dallas-Fort Worth-Arlington, TX"
Jan-1991,1752,175816704,100352,79234,32959,14.3,"Dallas-Fort Worth-Arlington, TX"
Feb-1991,1689,164142087,97183,86770,34066,14.8,"Dallas-Fort Worth-Arlington, TX"
Mar-1991,2134,224104144,105016,81243,35335,15.6,"Dallas-Fort Worth-Arlington, TX"
Apr-1991,2375,262988500,110732,82120,35214,15.6,"Dallas-Fort Worth-Arlington, TX"
May-1991,2890,326674040,113036,84610,35376,15.4,"Dallas-Fort Worth-Arlington, TX"
Jun-1991,2964,316958304,106936,85677,35637,15.3,"Dallas-Fort Worth-Arlington, TX"
Jul-1991,2611,295040389,112999,87500,35669,15.5,"Dallas-Fort Worth-Arlington, TX"
Aug-1991,2825,301834300,106844,78985,30653,13.3,"Dallas-Fort Worth-Arlington, TX"
Sep-1991,2284,249015384,109026,76398,30040,13,"Dallas-Fort Worth-Arlington, TX"
Oct-1991,2117,221990737,104861,82157,30712,13.3,"Dallas-Fort Worth-Arlington, TX"
Nov-1991,1914,208635570,109005,84287,28533,12.4,"Dallas-Fort Worth-Arlington, TX"
Dec-1991,1895,212156620,111956,88485,27331,11.9,"Dallas-Fort Worth-Arlington, TX"
Jan-1992,1538,167768116,109082,86326,28687,12.6,"Dallas-Fort Worth-Arlington, TX"
Feb-1992,1914,204403716,106794,86681,29420,12.9,"Dallas-Fort Worth-Arlington, TX"
Mar-1992,2710,297192150,109665,87974,30308,13,"Dallas-Fort Worth-Arlington, TX"
Apr-1992,2789,320461678,114902,88955,30711,13,"Dallas-Fort Worth-Arlington, TX"
May-1992,2846,332401416,116796,87276,30719,13,"Dallas-Fort Worth-Arlington, TX"
Jun-1992,3025,336839800,111352,87570,30652,12.9,"Dallas-Fort Worth-Arlington, TX"
Jul-1992,2873,314475707,109459,88824,30456,12.7,"Dallas-Fort Worth-Arlington, TX"
Aug-1992,2849,318854382,111918,90913,29852,12.5,"Dallas-Fort Worth-Arlington, TX"
Sep-1992,2580,276748860,107267,86290,29202,12.1,"Dallas-Fort Worth-Arlington, TX"
Oct-1992,2648,286963760,108370,85979,28519,11.6,"Dallas-Fort Worth-Arlington, TX"
Nov-1992,2366,250445832,105852,87800,27395,10.9,"Dallas-Fort Worth-Arlington, TX"
Dec-1992,2643,289236705,109435,87076,24842,9.7,"Dallas-Fort Worth-Arlington, TX"
Jan-1993,1791,196024950,109450,88711,25956,10,"Dallas-Fort Worth-Arlington, TX"
Feb-1993,1899,201620628,106172,83371,27360,10.6,"Dallas-Fort Worth-Arlington, TX"
Mar-1993,2652,285540840,107670,87819,28402,11,"Dallas-Fort Worth-Arlington, TX"
Apr-1993,2736,317012112,115867,89402,29199,11.3,"Dallas-Fort Worth-Arlington, TX"
May-1993,3067,342464287,111661,90439,29438,11.3,"Dallas-Fort Worth-Arlington, TX"
Jun-1993,3571,444489512,124472,94204,29118,11,"Dallas-Fort Worth-Arlington, TX"
Jul-1993,3449,417270367,120983,93595,28849,10.7,"Dallas-Fort Worth-Arlington, TX"
Aug-1993,3443,389689069,113183,90799,27880,10.2,"Dallas-Fort Worth-Arlington, TX"
Sep-1993,3012,340283712,112976,89082,27022,9.7,"Dallas-Fort Worth-Arlington, TX"
Oct-1993,2758,320156914,116083,90747,26554,9.5,"Dallas-Fort Worth-Arlington, TX"
Nov-1993,2685,309612720,115312,92103,25555,9.1,"Dallas-Fort Worth-Arlington, TX"
Dec-1993,2788,315911068,113311,91415,23668,8.4,"Dallas-Fort Worth-Arlington, TX"
Jan-1994,1874,214215066,114309,88476,24608,8.7,"Dallas-Fort Worth-Arlington, TX"
Feb-1994,2042,227000972,111166,91537,20718,7.3,"Dallas-Fort Worth-Arlington, TX"
Mar-1994,3216,382427424,118914,94462,20998,7.3,"Dallas-Fort Worth-Arlington, TX"
Apr-1994,3224,388791832,120593,92275,21436,7.3,"Dallas-Fort Worth-Arlington, TX"
May-1994,3359,391625810,116590,93112,21439,7.3,"Dallas-Fort Worth-Arlington, TX"
Jun-1994,3427,394793827,115201,91815,21439,7.3,"Dallas-Fort Worth-Arlington, TX"
Jul-1994,3370,403348560,119688,92243,21355,7.3,"Dallas-Fort Worth-Arlington, TX"
Aug-1994,3464,411609800,118825,93483,20916,7.1,"Dallas-Fort Worth-Arlington, TX"
Sep-1994,2839,310984060,109540,89422,20335,7,"Dallas-Fort Worth-Arlington, TX"
Oct-1994,2593,295275282,113874,90105,20046,6.9,"Dallas-Fort Worth-Arlington, TX"
Nov-1994,2428,274645648,113116,88293,19380,6.7,"Dallas-Fort Worth-Arlington, TX"
Dec-1994,2410,280957800,116580,92268,21741,7.6,"Dallas-Fort Worth-Arlington, TX"
Jan-1995,1699,199194158,117242,86830,23088,8.1,"Dallas-Fort Worth-Arlington, TX"
Feb-1995,2059,240367660,116740,90750,23942,8.4,"Dallas-Fort Worth-Arlington, TX"
Mar-1995,2759,323829348,117372,88426,24385,8.7,"Dallas-Fort Worth-Arlington, TX"
Apr-1995,2273,260476708,114596,89268,24927,9.2,"Dallas-Fort Worth-Arlington, TX"
May-1995,3748,445884568,118966,91268,25339,9.2,"Dallas-Fort Worth-Arlington, TX"
Jun-1995,4222,506281130,119915,96975,24806,8.8,"Dallas-Fort Worth-Arlington, TX"
Jul-1995,3969,489949236,123444,98766,24476,8.5,"Dallas-Fort Worth-Arlington, TX"
Aug-1995,4465,541041910,121174,96869,24211,8.2,"Dallas-Fort Worth-Arlington, TX"
Sep-1995,3478,418831194,120423,95128,23698,7.9,"Dallas-Fort Worth-Arlington, TX"
Oct-1995,3361,399733813,118933,93677,23500,7.6,"Dallas-Fort Worth-Arlington, TX"
Nov-1995,3090,372697260,120614,95727,23282,7.4,"Dallas-Fort Worth-Arlington, TX"
Dec-1995,3073,370536194,120578,95251,21279,6.7,"Dallas-Fort Worth-Arlington, TX"
Jan-1996,2454,310882536,126684,98653,22949,7.1,"Dallas-Fort Worth-Arlington, TX"
Feb-1996,2981,353963940,118740,95861,25497,7.7,"Dallas-Fort Worth-Arlington, TX"
Mar-1996,3789,466611561,123149,100074,24433,7.2,"Dallas-Fort Worth-Arlington, TX"
Apr-1996,4167,511390908,122724,97669,24754,6.9,"Dallas-Fort Worth-Arlington, TX"
May-1996,4570,585659210,128153,100018,24964,6.9,"Dallas-Fort Worth-Arlington, TX"
Jun-1996,4307,562929207,130701,102652,26038,7.1,"Dallas-Fort Worth-Arlington, TX"
Jul-1996,4571,597891371,130801,102156,25456,6.9,"Dallas-Fort Worth-Arlington, TX"
Aug-1996,4375,564746875,129085,99974,24904,6.8,"Dallas-Fort Worth-Arlington, TX"
Sep-1996,3604,449098044,124611,97360,24722,6.7,"Dallas-Fort Worth-Arlington, TX"
Oct-1996,3478,434057878,124801,99439,22794,6.2,"Dallas-Fort Worth-Arlington, TX"
Nov-1996,3193,397285832,124424,99371,22376,6,"Dallas-Fort Worth-Arlington, TX"
Dec-1996,3274,410618532,125418,98923,20362,5.5,"Dallas-Fort Worth-Arlington, TX"
Jan-1997,2526,315123552,124752,96312,20984,5.6,"Dallas-Fort Worth-Arlington, TX"
Feb-1997,3085,385807015,125059,98250,20679,5.5,"Dallas-Fort Worth-Arlington, TX"
Mar-1997,3902,510377698,130799,102558,21582,5.7,"Dallas-Fort Worth-Arlington, TX"
Apr-1997,4026,532072134,132159,102090,24190,6.5,"Dallas-Fort Worth-Arlington, TX"
May-1997,4768,639975264,134223,104815,24566,6.5,"Dallas-Fort Worth-Arlington, TX"
Jun-1997,4835,657676040,136024,106824,24628,6.5,"Dallas-Fort Worth-Arlington, TX"
Jul-1997,5255,706781735,134497,107031,24344,6.3,"Dallas-Fort Worth-Arlington, TX"
Aug-1997,4964,672979408,135572,105968,23744,6.1,"Dallas-Fort Worth-Arlington, TX"
Sep-1997,4395,582051825,132435,106001,23260,5.9,"Dallas-Fort Worth-Arlington, TX"
Oct-1997,4390,587412730,133807,105706,22407,5.5,"Dallas-Fort Worth-Arlington, TX"
Nov-1997,3555,469732815,132133,105605,21406,5.2,"Dallas-Fort Worth-Arlington, TX"
Dec-1997,4131,575064117,139207,109869,20274,4.9,"Dallas-Fort Worth-Arlington, TX"
Jan-1998,3024,398421072,131753,105452,20711,4.9,"Dallas-Fort Worth-Arlington, TX"
Feb-1998,3730,503232950,134915,107747,20751,4.9,"Dallas-Fort Worth-Arlington, TX"
Mar-1998,4981,684962215,137515,109791,21072,4.9,"Dallas-Fort Worth-Arlington, TX"
Apr-1998,5080,693983880,136611,108866,21074,4.8,"Dallas-Fort Worth-Arlington, TX"
May-1998,5579,826216426,148094,115508,21402,4.8,"Dallas-Fort Worth-Arlington, TX"
Jun-1998,6168,908953488,147366,116286,21530,4.7,"Dallas-Fort Worth-Arlington, TX"
Jul-1998,6111,898347555,147005,114897,21485,4.6,"Dallas-Fort Worth-Arlington, TX"
Aug-1998,5480,794906880,145056,113917,21622,4.6,"Dallas-Fort Worth-Arlington, TX"
Sep-1998,4528,622849040,137555,110607,21543,4.6,"Dallas-Fort Worth-Arlington, TX"
Oct-1998,4576,647947872,141597,111125,16133,3.4,"Dallas-Fort Worth-Arlington, TX"
Nov-1998,4159,575414286,138354,110807,15330,3.2,"Dallas-Fort Worth-Arlington, TX"
Dec-1998,4482,645730704,144072,114027,17034,3.5,"Dallas-Fort Worth-Arlington, TX"
Jan-1999,3158,465217612,147314,112176,18737,3.9,"Dallas-Fort Worth-Arlington, TX"
Feb-1999,4066,586370058,144213,113557,20441,4.2,"Dallas-Fort Worth-Arlington, TX"
Mar-1999,5564,813050628,146127,115094,22144,4.5,"Dallas-Fort Worth-Arlington, TX"
Apr-1999,5445,795176910,146038,114561,22774,4.6,"Dallas-Fort Worth-Arlington, TX"
May-1999,5868,888444540,151405,118844,23282,4.7,"Dallas-Fort Worth-Arlington, TX"
Jun-1999,6756,1085493276,160671,122401,24028,4.8,"Dallas-Fort Worth-Arlington, TX"
Jul-1999,6368,956537280,150210,118488,24053,4.8,"Dallas-Fort Worth-Arlington, TX"
Aug-1999,6030,877738860,145562,116400,23680,4.7,"Dallas-Fort Worth-Arlington, TX"
Sep-1999,5295,757709205,143099,112816,23549,4.6,"Dallas-Fort Worth-Arlington, TX"
Oct-1999,4780,706402740,147783,114255,23247,4.5,"Dallas-Fort Worth-Arlington, TX"
Nov-1999,4700,708341700,150711,114783,22207,4.3,"Dallas-Fort Worth-Arlington, TX"
Dec-1999,4889,741661300,151700,118569,21366,4.1,"Dallas-Fort Worth-Arlington, TX"
Jan-2000,3309,516647406,156134,119184,22281,4.2,"Dallas-Fort Worth-Arlington, TX"
Feb-2000,4734,750353202,158503,120527,22491,4.2,"Dallas-Fort Worth-Arlington, TX"
Mar-2000,6230,970428410,155767,121982,22538,4.2,"Dallas-Fort Worth-Arlington, TX"
Apr-2000,5684,904108408,159062,125030,22507,4.2,"Dallas-Fort Worth-Arlington, TX"
May-2000,6617,1073323719,162207,128678,22790,4.2,"Dallas-Fort Worth-Arlington, TX"
Jun-2000,6807,1150076685,168955,131386,23293,4.3,"Dallas-Fort Worth-Arlington, TX"
Jul-2000,6142,1031898994,168007,131913,23916,4.4,"Dallas-Fort Worth-Arlington, TX"
Aug-2000,6428,1074472340,167155,128136,23739,4.3,"Dallas-Fort Worth-Arlington, TX"
Sep-2000,5300,878183500,165695,129107,24376,4.5,"Dallas-Fort Worth-Arlington, TX"
Oct-2000,5251,860659904,163904,126995,24587,4.5,"Dallas-Fort Worth-Arlington, TX"
Nov-2000,4951,812563071,164121,127477,23762,4.3,"Dallas-Fort Worth-Arlington, TX"
Dec-2000,4543,768452993,169151,130782,22576,4.1,"Dallas-Fort Worth-Arlington, TX"
Jan-2001,3743,590656629,157803,124131,24130,4.4,"Dallas-Fort Worth-Arlington, TX"
Feb-2001,4803,795251922,165574,131349,24574,4.4,"Dallas-Fort Worth-Arlington, TX"
Mar-2001,6345,1054761075,166235,133521,25601,4.6,"Dallas-Fort Worth-Arlington, TX"
Apr-2001,5790,960520470,165893,132906,26869,4.8,"Dallas-Fort Worth-Arlington, TX"
May-2001,6839,1162602644,169996,134357,27840,5,"Dallas-Fort Worth-Arlington, TX"
Jun-2001,7281,1288605942,176982,138812,28587,5.1,"Dallas-Fort Worth-Arlington, TX"
Jul-2001,6925,1210524625,174805,138274,29076,5.1,"Dallas-Fort Worth-Arlington, TX"
Aug-2001,6736,1159407056,172121,134495,28813,5,"Dallas-Fort Worth-Arlington, TX"
Sep-2001,5220,867642300,166215,135239,29299,5.1,"Dallas-Fort Worth-Arlington, TX"
Oct-2001,5075,781133850,153918,128038,29766,5.2,"Dallas-Fort Worth-Arlington, TX"
Nov-2001,5018,826349186,164677,135309,28553,5,"Dallas-Fort Worth-Arlington, TX"
Dec-2001,5053,853881205,168985,135475,26900,4.7,"Dallas-Fort Worth-Arlington, TX"
Jan-2002,4209,697027236,165604,132926,28368,4.9,"Dallas-Fort Worth-Arlington, TX"
Feb-2002,5031,840005946,166966,134335,29324,5.1,"Dallas-Fort Worth-Arlington, TX"
Mar-2002,5897,1015504679,172207,137440,29949,5.2,"Dallas-Fort Worth-Arlington, TX"
Apr-2002,6139,1055668579,171961,136030,31009,5.4,"Dallas-Fort Worth-Arlington, TX"
May-2002,6905,1246759895,180559,138578,32274,5.6,"Dallas-Fort Worth-Arlington, TX"
Jun-2002,6548,1145094596,174877,140433,33330,5.8,"Dallas-Fort Worth-Arlington, TX"
Jul-2002,6863,1223014052,178204,139387,34740,6.1,"Dallas-Fort Worth-Arlington, TX"
Aug-2002,6462,1134643194,175587,138647,34784,6.1,"Dallas-Fort Worth-Arlington, TX"
Sep-2002,5494,902026896,164184,134647,35498,6.2,"Dallas-Fort Worth-Arlington, TX"
Oct-2002,5482,927992960,169280,135859,35445,6.2,"Dallas-Fort Worth-Arlington, TX"
Nov-2002,5073,855277362,168594,135185,34421,6,"Dallas-Fort Worth-Arlington, TX"
Dec-2002,5645,990985395,175551,140030,32735,5.6,"Dallas-Fort Worth-Arlington, TX"
Jan-2003,4153,691237779,166443,133681,35552,6.1,"Dallas-Fort Worth-Arlington, TX"
Feb-2003,4545,782280855,172119,137567,36548,6.3,"Dallas-Fort Worth-Arlington, TX"
Mar-2003,6165,1063018620,172428,138351,38255,6.6,"Dallas-Fort Worth-Arlington, TX"
Apr-2003,6008,1032853304,171913,137975,39417,6.8,"Dallas-Fort Worth-Arlington, TX"
May-2003,6775,1214256150,179226,142173,40493,7,"Dallas-Fort Worth-Arlington, TX"
Jun-2003,7038,1269669276,180402,145886,41407,7.1,"Dallas-Fort Worth-Arlington, TX"
Jul-2003,7397,1359894068,183844,145427,41645,7.1,"Dallas-Fort Worth-Arlington, TX"
Aug-2003,7420,1348592420,181751,145446,40924,6.9,"Dallas-Fort Worth-Arlington, TX"
Sep-2003,6289,1136730461,180749,140359,40764,6.8,"Dallas-Fort Worth-Arlington, TX"
Oct-2003,6127,1067543972,174236,135459,39951,6.6,"Dallas-Fort Worth-Arlington, TX"
Nov-2003,4816,860026832,178577,137447,38971,6.5,"Dallas-Fort Worth-Arlington, TX"
Dec-2003,5848,1059985088,181256,140591,37334,6.2,"Dallas-Fort Worth-Arlington, TX"
Jan-2004,4235,718387285,169631,132233,39173,6.5,"Dallas-Fort Worth-Arlington, TX"
Feb-2004,5096,896121408,175848,137309,39958,6.5,"Dallas-Fort Worth-Arlington, TX"
Mar-2004,7074,1263918654,178671,138342,41258,6.7,"Dallas-Fort Worth-Arlington, TX"
Apr-2004,7337,1339552775,182575,140350,42490,6.8,"Dallas-Fort Worth-Arlington, TX"
May-2004,7555,1394433905,184571,142107,43363,6.8,"Dallas-Fort Worth-Arlington, TX"
Jun-2004,8069,1573245206,194974,150218,43657,6.8,"Dallas-Fort Worth-Arlington, TX"
Jul-2004,7918,1483643168,187376,146516,43866,6.8,"Dallas-Fort Worth-Arlington, TX"
Aug-2004,7692,1442673060,187555,144753,43402,6.7,"Dallas-Fort Worth-Arlington, TX"
Sep-2004,6570,1165892490,177457,139165,42587,6.5,"Dallas-Fort Worth-Arlington, TX"
Oct-2004,6254,1116213920,178480,140764,41882,6.4,"Dallas-Fort Worth-Arlington, TX"
Nov-2004,5937,1063174212,179076,141484,40232,6.1,"Dallas-Fort Worth-Arlington, TX"
Dec-2004,6609,1220437767,184663,141283,37807,5.6,"Dallas-Fort Worth-Arlington, TX"
Jan-2005,4422,775198710,175305,135140,40441,6,"Dallas-Fort Worth-Arlington, TX"
Feb-2005,5551,1004414593,180943,139826,41739,6.2,"Dallas-Fort Worth-Arlington, TX"
Mar-2005,7763,1467207000,189000,144074,43129,6.3,"Dallas-Fort Worth-Arlington, TX"
Apr-2005,7774,1456676572,187378,144282,44398,6.5,"Dallas-Fort Worth-Arlington, TX"
May-2005,8392,1607949160,191605,147371,44391,6.4,"Dallas-Fort Worth-Arlington, TX"
Jun-2005,9506,1890020944,198824,150958,44666,6.4,"Dallas-Fort Worth-Arlington, TX"
Jul-2005,8582,1687718956,196658,152586,44920,6.3,"Dallas-Fort Worth-Arlington, TX"
Aug-2005,8919,1744779375,195625,150914,43754,6.1,"Dallas-Fort Worth-Arlington, TX"
Sep-2005,7710,1454098290,188599,147852,42589,5.8,"Dallas-Fort Worth-Arlington, TX"
Oct-2005,6956,1322704268,190153,147784,42118,5.7,"Dallas-Fort Worth-Arlington, TX"
Nov-2005,6510,1272145140,195414,150751,41299,5.6,"Dallas-Fort Worth-Arlington, TX"
Dec-2005,6736,1326965056,196996,149600,39044,5.3,"Dallas-Fort Worth-Arlington, TX"
Jan-2006,5125,953962375,186139,142501,41065,5.5,"Dallas-Fort Worth-Arlington, TX"
Feb-2006,6325,1198461000,189480,146228,42016,5.6,"Dallas-Fort Worth-Arlington, TX"
Mar-2006,8776,1677646488,191163,147022,43353,5.7,"Dallas-Fort Worth-Arlington, TX"
Apr-2006,7905,1498708950,189590,146542,45104,5.9,"Dallas-Fort Worth-Arlington, TX"
May-2006,9405,1918986795,204039,154825,46039,6,"Dallas-Fort Worth-Arlington, TX"
Jun-2006,10507,2166417316,206188,156001,46946,6,"Dallas-Fort Worth-Arlington, TX"
Jul-2006,8945,1804904210,201778,154427,48023,6.1,"Dallas-Fort Worth-Arlington, TX"
Aug-2006,9495,1909890765,201147,151254,47496,6,"Dallas-Fort Worth-Arlington, TX"
Sep-2006,7571,1400839417,185027,143799,47777,6.1,"Dallas-Fort Worth-Arlington, TX"
Oct-2006,7450,1414687950,189891,145446,46635,5.9,"Dallas-Fort Worth-Arlington, TX"
Nov-2006,6901,1332417476,193076,147762,45142,5.7,"Dallas-Fort Worth-Arlington, TX"
Dec-2006,7104,1407408960,198115,149090,42692,5.4,"Dallas-Fort Worth-Arlington, TX"
Jan-2007,5432,1032883936,190148,142257,43851,5.5,"Dallas-Fort Worth-Arlington, TX"
Feb-2007,6319,1213665054,192066,145496,44970,5.6,"Dallas-Fort Worth-Arlington, TX"
Mar-2007,8449,1692427639,200311,149161,47916,6,"Dallas-Fort Worth-Arlington, TX"
Apr-2007,7741,1608912663,207843,154180,49641,6.2,"Dallas-Fort Worth-Arlington, TX"
May-2007,8958,1897035660,211770,154911,50186,6.3,"Dallas-Fort Worth-Arlington, TX"
Jun-2007,9240,1997798880,216212,158909,50548,6.5,"Dallas-Fort Worth-Arlington, TX"
Jul-2007,8935,1858694440,208024,156162,50440,6.5,"Dallas-Fort Worth-Arlington, TX"
Aug-2007,8910,1887111270,211797,156764,49507,6.4,"Dallas-Fort Worth-Arlington, TX"
Sep-2007,6210,1231455420,198302,149796,49426,6.5,"Dallas-Fort Worth-Arlington, TX"
Oct-2007,6551,1281945537,195687,146433,48300,6.4,"Dallas-Fort Worth-Arlington, TX"
Nov-2007,6145,1248203125,203125,149037,46154,6.2,"Dallas-Fort Worth-Arlington, TX"
Dec-2007,5712,1139429760,199480,146676,42267,5.7,"Dallas-Fort Worth-Arlington, TX"
Jan-2008,4659,867748068,186252,140702,43944,6,"Dallas-Fort Worth-Arlington, TX"
Feb-2008,5729,1096811321,191449,142592,44274,6.1,"Dallas-Fort Worth-Arlington, TX"
Mar-2008,6572,1326834224,201892,150862,45456,6.4,"Dallas-Fort Worth-Arlington, TX"
Apr-2008,7053,1417187502,200934,148923,45783,6.5,"Dallas-Fort Worth-Arlington, TX"
May-2008,7751,1622904380,209380,154764,45499,6.5,"Dallas-Fort Worth-Arlington, TX"
Jun-2008,7728,1625368416,210322,156760,45534,6.7,"Dallas-Fort Worth-Arlington, TX"
Jul-2008,7559,1583852388,209532,155158,44771,6.7,"Dallas-Fort Worth-Arlington, TX"
Aug-2008,7312,1512465264,206847,152823,42888,6.5,"Dallas-Fort Worth-Arlington, TX"
Sep-2008,6394,1239764630,193895,143995,41398,6.3,"Dallas-Fort Worth-Arlington, TX"
Oct-2008,5575,1091506950,195786,146157,40269,6.2,"Dallas-Fort Worth-Arlington, TX"
Nov-2008,4099,776526857,189443,139348,40069,6.3,"Dallas-Fort Worth-Arlington, TX"
Dec-2008,4883,933424514,191158,142391,36973,5.9,"Dallas-Fort Worth-Arlington, TX"
Jan-2009,3447,590743413,171379,132936,38215,6.2,"Dallas-Fort Worth-Arlington, TX"
Feb-2009,4273,779779770,182490,141643,39087,6.5,"Dallas-Fort Worth-Arlington, TX"
Mar-2009,5354,986726138,184297,141160,40065,6.7,"Dallas-Fort Worth-Arlington, TX"
Apr-2009,5408,997116224,184378,143038,40615,7,"Dallas-Fort Worth-Arlington, TX"
May-2009,6018,1179076650,195925,153900,40878,7.2,"Dallas-Fort Worth-Arlington, TX"
Jun-2009,6807,1391350800,204400,158109,37793,6.8,"Dallas-Fort Worth-Arlington, TX"
Jul-2009,7110,1402020900,197190,154797,37545,6.8,"Dallas-Fort Worth-Arlington, TX"
Aug-2009,6240,1255681440,201231,152590,36879,6.7,"Dallas-Fort Worth-Arlington, TX"
Sep-2009,5920,1120827680,189329,147208,35612,6.6,"Dallas-Fort Worth-Arlington, TX"
Oct-2009,6252,1141977816,182658,144791,34525,6.3,"Dallas-Fort Worth-Arlington, TX"
Nov-2009,5632,1049793536,186398,144228,33826,6,"Dallas-Fort Worth-Arlington, TX"
Dec-2009,5014,965641246,192589,143852,32269,5.7,"Dallas-Fort Worth-Arlington, TX"
Jan-2010,3338,609952740,182730,137386,34194,6.1,"Dallas-Fort Worth-Arlington, TX"
Feb-2010,4174,773133324,185226,142752,35715,6.4,"Dallas-Fort Worth-Arlington, TX"
Mar-2010,6151,1175554516,191116,148549,37262,6.6,"Dallas-Fort Worth-Arlington, TX"
Apr-2010,7075,1386707075,196001,151238,37429,6.4,"Dallas-Fort Worth-Arlington, TX"
May-2010,7210,1435352380,199078,153723,39493,6.7,"Dallas-Fort Worth-Arlington, TX"
Jun-2010,6783,1448936979,213613,157076,41302,7,"Dallas-Fort Worth-Arlington, TX"
Jul-2010,4936,1084449072,219702,159690,42579,7.4,"Dallas-Fort Worth-Arlington, TX"
Aug-2010,5172,1064925144,205902,157932,41922,7.4,"Dallas-Fort Worth-Arlington, TX"
Sep-2010,4711,933786154,198214,148200,40996,7.4,"Dallas-Fort Worth-Arlington, TX"
Oct-2010,4415,857114855,194137,146697,39438,7.3,"Dallas-Fort Worth-Arlington, TX"
Nov-2010,4211,851704227,202257,145994,37556,7.1,"Dallas-Fort Worth-Arlington, TX"
Dec-2010,4699,1020260977,217123,154406,35287,6.7,"Dallas-Fort Worth-Arlington, TX"
Jan-2011,3248,614076019,189063,141990,35274,6.8,"Dallas-Fort Worth-Arlington, TX"
Feb-2011,3624,721939425,199211,145000,35785,6.9,"Dallas-Fort Worth-Arlington, TX"
Mar-2011,5316,1047956718,197133,142900,36825,7.2,"Dallas-Fort Worth-Arlington, TX"
Apr-2011,5632,1143248884,202992,148000,37465,7.5,"Dallas-Fort Worth-Arlington, TX"
May-2011,6088,1267629521,208218,153000,37524,7.7,"Dallas-Fort Worth-Arlington, TX"
Jun-2011,6748,1407855033,208633,155000,37110,7.6,"Dallas-Fort Worth-Arlington, TX"
Jul-2011,5930,1215562540,204985,155000,36214,7.3,"Dallas-Fort Worth-Arlington, TX"
Aug-2011,6579,1367644539,207880,155000,34232,6.7,"Dallas-Fort Worth-Arlington, TX"
Sep-2011,5422,1072807361,197862,148500,32680,6.3,"Dallas-Fort Worth-Arlington, TX"
Oct-2011,4830,938489792,194304,146500,31450,6.1,"Dallas-Fort Worth-Arlington, TX"
Nov-2011,4688,881811468,188100,144000,29738,5.7,"Dallas-Fort Worth-Arlington, TX"
Dec-2011,4985,1019502549,204514,151004,27003,5.1,"Dallas-Fort Worth-Arlington, TX"
Jan-2012,3753,705328528,187937,143000,27016,5.1,"Dallas-Fort Worth-Arlington, TX"
Feb-2012,4499,882037287,196052,149900,27633,5.1,"Dallas-Fort Worth-Arlington, TX"
Mar-2012,5970,1229112403,205881,157940,27982,5.2,"Dallas-Fort Worth-Arlington, TX"
Apr-2012,6255,1343855422,214845,159000,28278,5.2,"Dallas-Fort Worth-Arlington, TX"
May-2012,7317,1626145634,222242,165000,28465,5.1,"Dallas-Fort Worth-Arlington, TX"
Jun-2012,7621,1694437329,222338,169000,28366,5,"Dallas-Fort Worth-Arlington, TX"
Jul-2012,7186,1583675380,220383,167000,28011,4.9,"Dallas-Fort Worth-Arlington, TX"
Aug-2012,7750,1666364113,215015,165000,26924,4.6,"Dallas-Fort Worth-Arlington, TX"
Sep-2012,5968,1260799129,211260,164950,26149,4.4,"Dallas-Fort Worth-Arlington, TX"
Oct-2012,6171,1246029416,201917,157900,24879,4.1,"Dallas-Fort Worth-Arlington, TX"
Nov-2012,5602,1164965133,207955,159000,23428,3.8,"Dallas-Fort Worth-Arlington, TX"
Dec-2012,5644,1233261783,218508,166000,21311,3.5,"Dallas-Fort Worth-Arlington, TX"
Jan-2013,4655,901433346,193648,153900,21181,3.4,"Dallas-Fort Worth-Arlington, TX"
Feb-2013,5250,1070979607,203996,160000,21025,3.3,"Dallas-Fort Worth-Arlington, TX"
Mar-2013,7437,1671230704,224718,170000,20981,3.3,"Dallas-Fort Worth-Arlington, TX"
Apr-2013,8032,1917647197,238751,179000,21099,3.2,"Dallas-Fort Worth-Arlington, TX"
May-2013,9098,2198215134,241615,183800,21602,3.2,"Dallas-Fort Worth-Arlington, TX"
Jun-2013,8685,2164673510,249243,186035,22424,3.3,"Dallas-Fort Worth-Arlington, TX"
Jul-2013,9202,2214479930,240652,187000,23045,3.3,"Dallas-Fort Worth-Arlington, TX"
Aug-2013,9080,2169661529,238950,184950,23004,3.3,"Dallas-Fort Worth-Arlington, TX"
Sep-2013,7191,1640157118,228085,178000,22191,3.1,"Dallas-Fort Worth-Arlington, TX"
Oct-2013,6899,1565072067,226855,175000,21559,3,"Dallas-Fort Worth-Arlington, TX"
Nov-2013,5903,1345219732,227887,174100,20312,2.8,"Dallas-Fort Worth-Arlington, TX"
Dec-2013,6302,1484484455,235558,179900,18456,2.5,"Dallas-Fort Worth-Arlington, TX"
Jan-2014,4640,1000836924,215698,166995,18425,2.5,"Dallas-Fort Worth-Arlington, TX"
Feb-2014,5515,1311961692,237890,179000,18555,2.5,"Dallas-Fort Worth-Arlington, TX"
Mar-2014,6951,1677161366,241283,185000,18521,2.5,"Dallas-Fort Worth-Arlington, TX"
Apr-2014,7666,1905335438,248544,185150,19355,2.7,"Dallas-Fort Worth-Arlington, TX"
May-2014,8874,2271700380,255995,192888,20449,2.8,"Dallas-Fort Worth-Arlington, TX"
Jun-2014,9327,2398879609,257197,202000,20861,2.9,"Dallas-Fort Worth-Arlington, TX"
Jul-2014,9171,2347436333,255963,200000,21425,2.9,"Dallas-Fort Worth-Arlington, TX"
Aug-2014,8928,2224163188,249122,197900,21006,2.9,"Dallas-Fort Worth-Arlington, TX"
Sep-2014,7698,1886212929,245026,190000,20053,2.7,"Dallas-Fort Worth-Arlington, TX"
Oct-2014,7633,1878328735,246080,189000,19226,2.6,"Dallas-Fort Worth-Arlington, TX"
Nov-2014,5860,1431636159,244307,190000,17802,2.4,"Dallas-Fort Worth-Arlington, TX"
Dec-2014,7040,1802642745,256057,200000,16144,2.2,"Dallas-Fort Worth-Arlington, TX"
Jan-2015,4654,1103334252,237072,187000,15638,2.1,"Dallas-Fort Worth-Arlington, TX"
Feb-2015,5527,1421897248,257264,199000,15394,2.1,"Dallas-Fort Worth-Arlington, TX"
Mar-2015,7510,1975713048,263078,205000,15653,2.1,"Dallas-Fort Worth-Arlington, TX"
Apr-2015,7839,2111341857,269338,212500,16960,2.3,"Dallas-Fort Worth-Arlington, TX"
May-2015,8923,2490576352,279119,220000,17654,2.4,"Dallas-Fort Worth-Arlington, TX"
Jun-2015,9895,2807292935,283708,225000,18837,2.5,"Dallas-Fort Worth-Arlington, TX"
Jul-2015,10059,2738574271,272251,217150,20661,2.7,"Dallas-Fort Worth-Arlington, TX"
Aug-2015,9526,2544108190,267070,215000,19426,2.5,"Dallas-Fort Worth-Arlington, TX"
Sep-2015,8410,2191685451,260605,208000,19919,2.6,"Dallas-Fort Worth-Arlington, TX"
Oct-2015,7548,1945744236,257783,209000,19231,2.5,"Dallas-Fort Worth-Arlington, TX"
Nov-2015,6155,1602730265,260395,206000,17735,2.3,"Dallas-Fort Worth-Arlington, TX"
Dec-2015,8026,2180440953,271672,215000,14892,1.9,"Dallas-Fort Worth-Arlington, TX"
Jan-2016,5325,1343684859,252335,200000,15594,2,"Dallas-Fort Worth-Arlington, TX"
Feb-2016,6410,1682587200,262494,215000,15976,2,"Dallas-Fort Worth-Arlington, TX"
Mar-2016,8338,2310289540,277080,223250,16695,2.1,"Dallas-Fort Worth-Arlington, TX"
Apr-2016,8543,2421518709,283451,227000,17627,2.2,"Dallas-Fort Worth-Arlington, TX"
May-2016,9276,2748537263,296306,239000,17778,2.2,"Dallas-Fort Worth-Arlington, TX"
Jun-2016,9929,2968731677,298996,245000,19126,2.4,"Dallas-Fort Worth-Arlington, TX"
Jul-2016,9188,2612948659,284387,235000,20228,2.5,"Dallas-Fort Worth-Arlington, TX"
Aug-2016,9946,2887727544,290341,236437,19670,2.4,"Dallas-Fort Worth-Arlington, TX"
Sep-2016,8787,2513598448,286059,231590,19455,2.4,"Dallas-Fort Worth-Arlington, TX"
Oct-2016,7817,2225983611,284762,230852,18886,2.3,"Dallas-Fort Worth-Arlington, TX"
Nov-2016,7419,2157182024,290765,236100,17467,2.1,"Dallas-Fort Worth-Arlington, TX"
Dec-2016,7825,2287348457,292313,240000,14794,1.8,"Dallas-Fort Worth-Arlington, TX"
Jan-2017,5423,1517807334,279883,230000,15636,1.9,"Dallas-Fort Worth-Arlington, TX"
Feb-2017,6348,1886912964,297245,244900,16144,2,"Dallas-Fort Worth-Arlington, TX"
Mar-2017,8749,2697373918,308307,250000,17862,2.2,"Dallas-Fort Worth-Arlington, TX"
Apr-2017,8388,2581463785,307757,255000,18466,2.2,"Dallas-Fort Worth-Arlington, TX"
May-2017,10108,3258125765,322331,265000,19880,2.4,"Dallas-Fort Worth-Arlington, TX"
Jun-2017,10625,3442597988,324009,265000,21855,2.6,"Dallas-Fort Worth-Arlington, TX"
Jul-2017,9668,3038615651,314296,259000,22492,2.7,"Dallas-Fort Worth-Arlington, TX"
Aug-2017,10167,3145549690,309388,258495,22475,2.7,"Dallas-Fort Worth-Arlington, TX"
